<?xml version="1.0" encoding="UTF-8"?>
<root>
	<!-- Details whether or not a transaction is stored in the transaction database -->
	<Transactions>
		<Query>False</Query>
		<Commands>False</Commands>
	</Transactions>

	<!-- List of all paths that the Program uses.-->
	<!-- Warning: Change this at your own risk! It may break the application!-->
	<Paths>
		<OS>C:\WINDOWS\system32</OS>
		<LastFolder>C:\Users\Abhishek\Documents</LastFolder>
		<Assets>C:\Users\Abhishek\Documents\Projects\DBM\DBM\bin\Release\Assets\</Assets>
		<Log>C:\Users\Abhishek\Documents\Projects\DBM\DBM\bin\Release\Assets\Log.db</Log>
		<Transaction>C:\Users\Abhishek\Documents\Projects\DBM\DBM\bin\Release\Assets\Transactions.db</Transaction>
	</Paths>

	<!-- Set AutoUpdate to False if Internet Access is restricted or unavailable.-->
	<Updates>
		<LastCheck>2018-03-16</LastCheck>
		<AutoUpdate>True</AutoUpdate>
	</Updates>

	<EULA>
		<Signer>Abhishek</Signer>
		<Signed>true</Signed>
	</EULA>

	<Deliminator>,</Deliminator>
	<VersionID>1250</VersionID>
	<Extensions>1=db;2=sqlite;3=sqlite3;4=db3;5=*;</Extensions>
	<!-- UI Related Stuff -->
	<fontsize>12</fontsize>
	<language>en</language>
	<listview>
		<width>1520</width>
		<height>930</height>
	</listview>
	<Intervals>
		<CSV>100</CSV>
		<SQL>100</SQL>
	</Intervals>
</root>