<?xml version="1.0" encoding="UTF-8" standalone="yes"?>
<root>
	<Language>
		<About>حول</About>
		<Access_Denied>تم الرفض</Access_Denied>
		<App>الوضعية</App>
		<Application>التطبيق</Application>
		<Asc>تصاعدي</Asc>
		<Auto_Log>سجل السيارات</Auto_Log>
		<Browse>تصفح</Browse>
		<CMD_Tooltip>ينفذ أوامر الأمر سكل مخصصة على قاعدة البيانات</CMD_Tooltip>
		<CSV>CSV</CSV>
		<Check_Log>خطأ: يرجى التحقق من السجل للحصول على التفاصيل</Check_Log>
		<Check_for_Updates>تحقق من التحديثات</Check_for_Updates>
		<Close_TW>أ تواصل معنا:</Close_TW>
		<Close_wo_saving>إغلاق بدون حفظ</Close_wo_saving>
		<Command>أمر</Command>
		<Converter>محول</Converter>
		<Create_Statistics_Page>إنشاء صفحة الإحصاءات</Create_Statistics_Page>
		<Critical_Fault_Error>خطأ خطأ حرج</Critical_Fault_Error>
		<Dataview_Error>قاعدة البيانات أو داتافيو غير موجودة أو لم يتم تحميلها حتى الآن</Dataview_Error>
		<Debug>التصحيح</Debug>
		<Define_New_Table>تحديد جدول جديد</Define_New_Table>
		<Deliminator>Deliminator</Deliminator>
		<Desc>تنازلي</Desc>
		<Developer>مطور</Developer>
		<Display_Settings>اعدادات العرض</Display_Settings>
		<Download_Update>حمل التحديث</Download_Update>
		<Edit>تصحيح</Edit>
		<Error>خطأ</Error>
		<Error_Generic>أوه لم يحدث خطأ! :(</Error_Generic>
		<Error_No_DB>خطأ: لم يتم تحميل قاعدة بيانات</Error_No_DB>
		<Export>تصدير</Export>
		<Export_CSV>تصدير كسف على بيهالف من</Export_CSV>
		<Export_HTML_Data>تصدير هتمل البيانات نيابة عن</Export_HTML_Data>
		<Export_HTML_Schema>تصدير هتمل سشيما نيابة عن</Export_HTML_Schema>
		<Export_SQL_SCHEMA>تصدير سكل - ششيما - نيابة عن</Export_SQL_SCHEMA>
		<Export_SQL_SQL>تصدير سكل - سكل - نيابة عن</Export_SQL_SQL>
		<Export_UI>واجهة المستخدم للتصدير</Export_UI>
		<Export_XML>تصدير شمل على بيهالف من</Export_XML>
		<Extensions>ملحقات</Extensions>
		<Failed>فشل</Failed>
		<Failed_Load_Online_EULA>أخفق تحميل اتفاقية ترخيص المستخدم (يولا) عبر الإنترنت</Failed_Load_Online_EULA>
		<Failed_Save_Settings>أخفق حفظ الإعدادات</Failed_Save_Settings>
		<File>ملف</File>
		<Functions>المهام</Functions>
		<HTML>HTML</HTML>
		<HTML_to_CSV>هتمل إلى كسف</HTML_to_CSV>
		<Help>مساعدة</Help>
		<Import>استيراد</Import>
		<Import_Completed>اكتمل الاستيراد</Import_Completed>
		<Import_SQL>استيراد سكل</Import_SQL>
		<Importer>المستورد</Importer>
		<Index>فهرس</Index>
		<Invert>عكس</Invert>
		<JSON>JSON</JSON>
		<LOG_CSV_Path>سجل مسار كسف</LOG_CSV_Path>
		<LOG_DB_PATH>سجل داتاباسيباث</LOG_DB_PATH>
		<Language>لغة</Language>
		<Listview_Height>ليستفيو الارتفاع</Listview_Height>
		<Listview_Width>عرض ليستفيو</Listview_Width>
		<MD>تخفيض السعر</MD>
		<Master_Table>الجدول الرئيسي</Master_Table>
		<Master_Table_Protected>Sqlite_mastertable أو 'الجدول الرئيسي' هو جدول المحمية. لحماية سلامة ديسيبل لا يمكنك تحرير هذا الجدول</Master_Table_Protected>
		<New>الجديد</New>
		<New_in_Memory_Db>جديد في قاعدة بيانات الذاكرة</New_in_Memory_Db>
		<NoUpdates>لا تحديثات</NoUpdates>
		<No_Updates>لا تتوفر أية تحديثات</No_Updates>
		<Not_Supported>غير معتمد</Not_Supported>
		<Open>فتح</Open>
		<Opened>افتتح</Opened>
		<PRGM_Start>بدأ البرنامج</PRGM_Start>
		<PXML>XML</PXML>
		<Plugin>توصيل في</Plugin>
		<Query>سؤال</Query>
		<Query_Error>خطأ في طلب البحث</Query_Error>
		<Refresh_Schema>تحديث المخطط</Refresh_Schema>
		<Run_Function>تشغيل وظيفة</Run_Function>
		<SCHEMA_PRIVATE>مخطط الخاص</SCHEMA_PRIVATE>
		<SQL>SQL</SQL>
		<Save>حفظ</Save>
		<Save_and_Close>حفظ وإغلاق</Save_and_Close>
		<Search>بحث</Search>
		<Search_Settings>إعدادات البحث</Search_Settings>
		<Search_in>بحث في</Search_in>
		<Settings>إعدادات</Settings>
		<Settings_Editor>محرر الإعدادات</Settings_Editor>
		<Show_Help>عرض المساعدة</Show_Help>
		<Sort>فرز</Sort>
		<Sort_by>ترتيب حسب</Sort_by>
		<Stack_Trace>تتبع المكدس</Stack_Trace>
		<Statistics_Page>صفحة الإحصاءات</Statistics_Page>
		<Strict_Search>بحث صارم</Strict_Search>
		<Success>نجاح</Success>
		<System>النظام</System>
		<Table>الطاولة</Table>
		<Toggle_Debug>تبديل تصحيح الأخطاء</Toggle_Debug>
		<Toggle_Transaction_Log>تبديل سجل المعاملات</Toggle_Transaction_Log>
		<Transaction_DB_Path>مسار قاعدة بيانات المعاملات</Transaction_DB_Path>
		<UI>UI</UI>
		<User_Requested>المستخدم المطلوب</User_Requested>
		<View>رأي</View>
		<View_Function>عرض الوظيفة</View_Function>
		<Views_Read_Only>المشاهدات قابلة للقراءة فقط ولا يمكن تعديلها</Views_Read_Only>
		<WMU>ويكي ماركوب</WMU>
	</Language>
</root>