<?xml version="1.0" encoding="UTF-8" standalone="yes"?>
<root>
	<Language>
		<About>аб</About>
		<Access_Denied>Доступ забаронены</Access_Denied>
		<App>дадатак</App>
		<Application>дадатак</Application>
		<Asc>узыходзячая</Asc>
		<Auto_Log>Auto Log</Auto_Log>
		<Browse>прагартаць</Browse>
		<CMD_Tooltip>Выконвае індывідуальныя заявы каманды SQL у базу дадзеных</CMD_Tooltip>
		<CSV>CSV</CSV>
		<Check_Log>Памылка: Калі ласка, праверце часопіс для дэталяў</Check_Log>
		<Check_for_Updates>Праверыць наяўнасць абнаўленняў</Check_for_Updates>
		<Close_TW>зачыніць TW</Close_TW>
		<Close_wo_saving>Зачыніць без захавання</Close_wo_saving>
		<Command>каманда</Command>
		<Converter>канвэртар</Converter>
		<Create_Statistics_Page>Стварэнне статыстыкі Старонка</Create_Statistics_Page>
		<Critical_Fault_Error>Крытычная памылка Памылка</Critical_Fault_Error>
		<Dataview_Error>База дадзеныя або DataView не існуе ці не загружаны</Dataview_Error>
		<Debug>адладжваць</Debug>
		<Define_New_Table>Вызначыць новую табліцу</Define_New_Table>
		<Deliminator>Deliminator</Deliminator>
		<Desc>сыходны</Desc>
		<Developer>распрацоўшчык</Developer>
		<Display_Settings>налады адлюстравання</Display_Settings>
		<Download_Update>спампаваць абнаўленне</Download_Update>
		<Edit>рэдагаваць</Edit>
		<Error>памылка</Error>
		<Error_Generic>О, не што-то пайшло не так! :(</Error_Generic>
		<Error_No_DB>Памылка: база дадзеных не была загружана</Error_No_DB>
		<Export>экспарт</Export>
		<Export_CSV>Экспарт CSV ПА ІМЯ</Export_CSV>
		<Export_HTML_Data>Экспарт HTML DATA ад імя</Export_HTML_Data>
		<Export_HTML_Schema>Экспарт HTML SCHEMA ад імя</Export_HTML_Schema>
		<Export_SQL_SCHEMA>Экспарт SQL - SCHEMA - Ад імя</Export_SQL_SCHEMA>
		<Export_SQL_SQL>Экспарт SQL - SQL - Ад імя</Export_SQL_SQL>
		<Export_UI>экспарт UI</Export_UI>
		<Export_XML>Экспарт XML ПА ІМЯ</Export_XML>
		<Extensions>пашырэння</Extensions>
		<Failed>Не атрымалася</Failed>
		<Failed_Load_Online_EULA>Не атрымалася загрузіць онлайн EULA</Failed_Load_Online_EULA>
		<Failed_Save_Settings>Не атрымалася захаваць налады</Failed_Save_Settings>
		<File>файл</File>
		<Functions>функцыі</Functions>
		<HTML>HTML</HTML>
		<HTML_to_CSV>HTML у CSV</HTML_to_CSV>
		<Help>дапамогу</Help>
		<Import>імпарт</Import>
		<Import_Completed>імпарт Завершаны</Import_Completed>
		<Import_SQL>імпарт SQL</Import_SQL>
		<Importer>імпарцёр</Importer>
		<Index>індэкс</Index>
		<Invert>інвертаваць</Invert>
		<JSON>JSON</JSON>
		<LOG_CSV_Path>Уваход CSV Шлях</LOG_CSV_Path>
		<LOG_DB_PATH>Уваход DatabasePath</LOG_DB_PATH>
		<Language>мова</Language>
		<Listview_Height>ListView Вышыня</Listview_Height>
		<Listview_Width>ListView Шырыня</Listview_Width>
		<MD>MarkDown</MD>
		<Master_Table>майстар Табліца</Master_Table>
		<Master_Table_Protected>Sqlite_mastertable або «Master Табліца» ўяўляе сабой абароненую табліцу. Для абароны цэласнасці БД вы не можаце рэдагаваць гэтую табліцу</Master_Table_Protected>
		<New>новы</New>
		<New_in_Memory_Db>Новае ў базе дадзеных памяці</New_in_Memory_Db>
		<NoUpdates>няма абнаўленняў</NoUpdates>
		<No_Updates>Там няма даступных абнаўленняў</No_Updates>
		<Not_Supported>Не падтрымліваецца</Not_Supported>
		<Open>адкрыты</Open>
		<Opened>адкрыты</Opened>
		<PRGM_Start>праграма працы</PRGM_Start>
		<PXML>XML</PXML>
		<Plugin>Plugin</Plugin>
		<Query>запыт</Query>
		<Query_Error>памылка запыту</Query_Error>
		<Refresh_Schema>абнавіць схемы</Refresh_Schema>
		<Run_Function>запуск функцыі</Run_Function>
		<SCHEMA_PRIVATE>SCHEMA-PRIVATE</SCHEMA_PRIVATE>
		<SQL>SQL</SQL>
		<Save>захаваць</Save>
		<Save_and_Close>Захаваць і зачыніць</Save_and_Close>
		<Search>пошук</Search>
		<Search_Settings>налады пошуку</Search_Settings>
		<Search_in>шукаць у</Search_in>
		<Settings>налады</Settings>
		<Settings_Editor>налады Рэдактара</Settings_Editor>
		<Show_Help>паказаць дапамогу</Show_Help>
		<Sort>сартаваць</Sort>
		<Sort_by>сартаваць па</Sort_by>
		<Stack_Trace>трасіроўка стэка</Stack_Trace>
		<Statistics_Page>старонка статыстыкі</Statistics_Page>
		<Strict_Search>строгі пошук</Strict_Search>
		<Success>поспех</Success>
		<System>сістэма</System>
		<Table>табліца</Table>
		<Toggle_Debug>пераключыць Debug</Toggle_Debug>
		<Toggle_Transaction_Log>Пераключэнне часопіса транзакцый</Toggle_Transaction_Log>
		<Transaction_DB_Path>Шлях базы дадзеных транзакцый</Transaction_DB_Path>
		<UI>UI</UI>
		<User_Requested>Карыстальнік прасіў</User_Requested>
		<View>выгляд</View>
		<View_Function>выгляд функцыі</View_Function>
		<Views_Read_Only>Прадстаўлення і чытання не могуць быць зменены</Views_Read_Only>
		<WMU>разметка вікі</WMU>
	</Language>
</root>