<?xml version="1.0" encoding="UTF-8" standalone="yes"?>
<root>
	<Language>
		<About>относно</About>
		<Access_Denied>Отказан достъп</Access_Denied>
		<App>Приложение</App>
		<Application>App</Application>
		<Asc>Възходящ</Asc>
		<Auto_Log>Автоматичен дневник</Auto_Log>
		<Browse>паса</Browse>
		<CMD_Tooltip>Изпълнява персонализирани изрази на SQL команда в базата данни</CMD_Tooltip>
		<CSV>CSV</CSV>
		<Check_Log>Грешка: Проверете регистрационния файл за подробности</Check_Log>
		<Check_for_Updates>Провери за актуализации</Check_for_Updates>
		<Close_TW>Затворете TW</Close_TW>
		<Close_wo_saving>Затваряне без запазване</Close_wo_saving>
		<Command>команда</Command>
		<Converter>конвертор</Converter>
		<Create_Statistics_Page>Създаване на страница със статистически данни</Create_Statistics_Page>
		<Critical_Fault_Error>Грешка при критична грешка</Critical_Fault_Error>
		<Dataview_Error>Базата данни или Dataview не съществува или все още не е заредена</Dataview_Error>
		<Debug>Debug</Debug>
		<Define_New_Table>Дефиниране на нова таблица</Define_New_Table>
		<Deliminator>Deliminator</Deliminator>
		<Desc>Низходящо</Desc>
		<Developer>Разработчик</Developer>
		<Display_Settings>Настройки на дисплея</Display_Settings>
		<Download_Update>Изтегляне на актуализацията</Download_Update>
		<Edit>редактиране</Edit>
		<Error>грешка</Error>
		<Error_Generic>О, нищо не се обърка! :(</Error_Generic>
		<Error_No_DB>Грешка: Няма заредена база данни</Error_No_DB>
		<Export>износ</Export>
		<Export_CSV>ЕКСПОРТ CSV В БЪЛГАРИЯ ОТ</Export_CSV>
		<Export_HTML_Data>Изнасяйте HTML ДАННИ от името на</Export_HTML_Data>
		<Export_HTML_Schema>Експортиране на HTML SCHEMA от името на</Export_HTML_Schema>
		<Export_SQL_SCHEMA>Export SQL - SCHEMA - От името на</Export_SQL_SCHEMA>
		<Export_SQL_SQL>Експортиране на SQL - SQL - От името на</Export_SQL_SQL>
		<Export_UI>Потребителски интерфейс</Export_UI>
		<Export_XML>XML ИЗНОС ОТНОВО</Export_XML>
		<Extensions>Разширения</Extensions>
		<Failed>Се провали</Failed>
		<Failed_Load_Online_EULA>Записването на EULA не бе успешно</Failed_Load_Online_EULA>
		<Failed_Save_Settings>Запазването на настройките не бе успешно</Failed_Save_Settings>
		<File>досие</File>
		<Functions>Функции</Functions>
		<HTML>HTML</HTML>
		<HTML_to_CSV>HTML до CSV</HTML_to_CSV>
		<Help>Помогне</Help>
		<Import>внос</Import>
		<Import_Completed>Импортирането завършено</Import_Completed>
		<Import_SQL>Импортиране на SQL</Import_SQL>
		<Importer>вносител</Importer>
		<Index>индекс</Index>
		<Invert>Обръщане</Invert>
		<JSON>JSON</JSON>
		<LOG_CSV_Path>Път на CSV на дневника</LOG_CSV_Path>
		<LOG_DB_PATH>Дневник на базата данни</LOG_DB_PATH>
		<Language>език</Language>
		<Listview_Height>Височина на листата</Listview_Height>
		<Listview_Width>Width на списъците</Listview_Width>
		<MD>евтино</MD>
		<Master_Table>Магистърска маса</Master_Table>
		<Master_Table_Protected>Sqlite_mastertable или "Master Table" е защитена таблица. За да защитите целостта на db, не можете да редактирате тази таблица</Master_Table_Protected>
		<New>нов</New>
		<New_in_Memory_Db>Нова в базата данни с памет</New_in_Memory_Db>
		<NoUpdates>Няма актуализации</NoUpdates>
		<No_Updates>Няма налични актуализации</No_Updates>
		<Not_Supported>Не се поддържа</Not_Supported>
		<Open>отворено</Open>
		<Opened>Отворен</Opened>
		<PRGM_Start>Програмата стартира</PRGM_Start>
		<PXML>XML</PXML>
		<Plugin>Plug-in</Plugin>
		<Query>Запитване</Query>
		<Query_Error>Грешка в заявката</Query_Error>
		<Refresh_Schema>Схема за обновяване</Refresh_Schema>
		<Run_Function>Функция за изпълнение</Run_Function>
		<SCHEMA_PRIVATE>SCHEMA-ЧАСТНО</SCHEMA_PRIVATE>
		<SQL>SQL</SQL>
		<Save>Запази</Save>
		<Save_and_Close>Запазване и затваряне</Save_and_Close>
		<Search>Търсене</Search>
		<Search_Settings>Настройки за търсенето</Search_Settings>
		<Search_in>Търсене в</Search_in>
		<Settings>Настройки</Settings>
		<Settings_Editor>Редактор на настройки</Settings_Editor>
		<Show_Help>Показване на помощ</Show_Help>
		<Sort>Вид</Sort>
		<Sort_by>Сортирай по</Sort_by>
		<Stack_Trace>Стъпка Трейс</Stack_Trace>
		<Statistics_Page>Статистика</Statistics_Page>
		<Strict_Search>Строго търсене</Strict_Search>
		<Success>успех</Success>
		<System>Система</System>
		<Table>маса</Table>
		<Toggle_Debug>Превключете отстраняването на грешки</Toggle_Debug>
		<Toggle_Transaction_Log>Превключване на регистъра на транзакциите</Toggle_Transaction_Log>
		<Transaction_DB_Path>Път на база данни за транзакциите</Transaction_DB_Path>
		<UI>UI</UI>
		<User_Requested>Потребителят е поискал</User_Requested>
		<View>изглед</View>
		<View_Function>Функция за преглед</View_Function>
		<Views_Read_Only>Изгледите са readonly и не могат да бъдат редактирани</Views_Read_Only>
		<WMU>Wiki MarkUp</WMU>
	</Language>
</root>