<?xml version="1.0" encoding="UTF-8" standalone="yes"?>
<root>
	<Language>
		<About>????????</About>
		<Access_Denied>????????? ????????</Access_Denied>
		<App>?????</App>
		<Application>?????</Application>
		<Asc>??????????</Asc>
		<Auto_Log>??? ??</Auto_Log>
		<Browse>?????? ????</Browse>
		<CMD_Tooltip>????????? ??? ????????? ??? SQL ?????? ?????????????? ??????</CMD_Tooltip>
		<CSV>CSV ??</CSV>
		<Check_Log>??????: ??????? ???? ?? ??? ????</Check_Log>
		<Check_for_Updates>???????? ?? ???? ????????? ????</Check_for_Updates>
		<Close_TW>TW ???? ????</Close_TW>
		<Close_wo_saving>??????? ?????? ???? ????</Close_wo_saving>
		<Command>?????</Command>
		<Converter>????????</Converter>
		<Create_Statistics_Page>?????????? ?????? ???? ????</Create_Statistics_Page>
		<Critical_Fault_Error>?????? ???? ??????</Critical_Fault_Error>
		<Dataview_Error>??????? ?? ??????? ???? ???????? ??? ?? ???? ??? ??? ?????</Dataview_Error>
		<Debug>?????? ???</Debug>
		<Define_New_Table>???? ????? ???????? ????</Define_New_Table>
		<Deliminator>Deliminator</Deliminator>
		<Desc>?????????</Desc>
		<Developer>?????????</Developer>
		<Display_Settings>???????? ?????</Display_Settings>
		<Download_Update>????? ??????? ????</Download_Update>
		<Edit>??????? ???</Edit>
		<Error>???</Error>
		<Error_Generic>?? ?? ???? ??? ??????! :(</Error_Generic>
		<Error_No_DB>??????: ??? ??????? ??? ??? ??????</Error_No_DB>
		<Export>???????</Export>
		<Export_CSV>?? ????? CSV ??????? ????</Export_CSV>
		<Export_HTML_Data>?? ????? ????????? ???? ??????? ????</Export_HTML_Data>
		<Export_HTML_Schema>?? ???? ???? HTML SCHEMA ??????? ????</Export_HTML_Schema>
		<Export_SQL_SCHEMA>????????? ??????? - SCHEMA - ?? ?????</Export_SQL_SCHEMA>
		<Export_SQL_SQL>????????? SQL - ??????? - ?? ???? ????</Export_SQL_SQL>
		<Export_UI>??????? UI</Export_UI>
		<Export_XML>???????? ????????? ????????? ??</Export_XML>
		<Extensions>??????????????</Extensions>
		<Failed>??????</Failed>
		<Failed_Load_Online_EULA>?????? EULA ??? ???? ?????? ??????</Failed_Load_Online_EULA>
		<Failed_Save_Settings>?????? ??????? ???? ?????? ??????</Failed_Save_Settings>
		<File>????</File>
		<Functions>???????????</Functions>
		<HTML>?????????</HTML>
		<HTML_to_CSV>????????? ??????</HTML_to_CSV>
		<Help>??????? ????</Help>
		<Import>??????</Import>
		<Import_Completed>?????? ???????</Import_Completed>
		<Import_SQL>??????? ??????</Import_SQL>
		<Importer>??????????</Importer>
		<Index>????</Index>
		<Invert>???????</Invert>
		<JSON>??????? JSON</JSON>
		<LOG_CSV_Path>CSV ??? ?? ????</LOG_CSV_Path>
		<LOG_DB_PATH>?? ??????? ?????</LOG_DB_PATH>
		<Language>????</Language>
		<Listview_Height>?????? ?????? ?????</Listview_Height>
		<Listview_Width>?????? ??? ??????</Listview_Width>
		<MD>MarkDown</MD>
		<Master_Table>??????? ?????</Master_Table>
		<Master_Table_Protected>Sqlite_mastertable ?? '??????? ?????' ???? ???????? ?????? Db ?? ??????? ????? ???? ???? ?? ????? ???????? ???? ?????? ??</Master_Table_Protected>
		<New>????</New>
		<New_in_Memory_Db>????? ????????? ????? ????</New_in_Memory_Db>
		<NoUpdates>??? ????? ???</NoUpdates>
		<No_Updates>??? ????? ?????? ???</No_Updates>
		<Not_Supported>??????? ???</Not_Supported>
		<Open>????</Open>
		<Opened>???? ??????</Opened>
		<PRGM_Start>????????? ????</PRGM_Start>
		<PXML>????????</PXML>
		<Plugin>????? ??????</Plugin>
		<Query>??????</Query>
		<Query_Error>?????? ??????</Query_Error>
		<Refresh_Schema>??????? ??????</Refresh_Schema>
		<Run_Function>????? ?????</Run_Function>
		<SCHEMA_PRIVATE>??????-?????????</SCHEMA_PRIVATE>
		<SQL>???????</SQL>
		<Save>??????? ????</Save>
		<Save_and_Close>??????? ???? ??? ???? ????</Save_and_Close>
		<Search>?????????</Search>
		<Search_Settings>????????? ??????</Search_Settings>
		<Search_in>?????????</Search_in>
		<Settings>??????</Settings>
		<Settings_Editor>?????? ???????</Settings_Editor>
		<Show_Help>??????? ?????</Show_Help>
		<Sort>?????</Sort>
		<Sort_by>??????????</Sort_by>
		<Stack_Trace>??????? ?????</Stack_Trace>
		<Statistics_Page>?????????? ??????</Statistics_Page>
		<Strict_Search>???? ?????????</Strict_Search>
		<Success>??????</Success>
		<System>??????</System>
		<Table>?????</Table>
		<Toggle_Debug>????? ??? ????</Toggle_Debug>
		<Toggle_Transaction_Log>?????? ?? ??? ????</Toggle_Transaction_Log>
		<Transaction_DB_Path>?????? ??????? ???</Transaction_DB_Path>
		<UI>UI '??</UI>
		<User_Requested>??????????? ??????</User_Requested>
		<View>?????</View>
		<View_Function>????? ?????</View_Function>
		<Views_Read_Only>????????? ???? ???????? ??? ???????? ??? ???? ??</Views_Read_Only>
		<WMU>???? ???????</WMU>
	</Language>
</root>