<?xml version="1.0" encoding="UTF-8" standalone="yes"?>
<root>
	<Language>
		<About>O</About>
		<Access_Denied>Přístup odepřen</Access_Denied>
		<App>aplikace</App>
		<Application>Aplikace</Application>
		<Asc>Vzestupně</Asc>
		<Auto_Log>Automatický protokol</Auto_Log>
		<Browse>Procházet</Browse>
		<CMD_Tooltip>Provede přizpůsobené příkazy příkazu SQL do databáze</CMD_Tooltip>
		<CSV>CSV</CSV>
		<Check_Log>Chyba: Zkontrolujte podrobnosti protokolu</Check_Log>
		<Check_for_Updates>Kontrola aktualizací</Check_for_Updates>
		<Close_TW>Zavřete TW</Close_TW>
		<Close_wo_saving>Zavřít bez ukládání</Close_wo_saving>
		<Command>Příkaz</Command>
		<Converter>Konvertor</Converter>
		<Create_Statistics_Page>Vytvořit stránku statistiky</Create_Statistics_Page>
		<Critical_Fault_Error>Chyba kritické chyby</Critical_Fault_Error>
		<Dataview_Error>Databáze nebo Dataview neexistují nebo nebyly dosud načteny</Dataview_Error>
		<Debug>Ladit</Debug>
		<Define_New_Table>Definujte novou tabulku</Define_New_Table>
		<Deliminator>Deliminator</Deliminator>
		<Desc>Klesající</Desc>
		<Developer>Vývojář</Developer>
		<Display_Settings>Nastavení obrazovky</Display_Settings>
		<Download_Update>Stáhnout aktualizaci</Download_Update>
		<Edit>Upravit</Edit>
		<Error>Chyba</Error>
		<Error_Generic>Ach, nic se nestalo! :(</Error_Generic>
		<Error_No_DB>Chyba: Nebyla načtena žádná databáze</Error_No_DB>
		<Export>Vývozní</Export>
		<Export_CSV>EXPORT CSV ZA ZÁKLADĚ</Export_CSV>
		<Export_HTML_Data>Exportovat HTML DATA jménem</Export_HTML_Data>
		<Export_HTML_Schema>Export HTML SCHEMA jménem</Export_HTML_Schema>
		<Export_SQL_SCHEMA>Export SQL - SCHEMA - jménem</Export_SQL_SCHEMA>
		<Export_SQL_SQL>Export SQL - SQL - jménem</Export_SQL_SQL>
		<Export_UI>Exportní uživatelské rozhraní</Export_UI>
		<Export_XML>EXPORT XML ZE SVĚTA</Export_XML>
		<Extensions>Rozšíření</Extensions>
		<Failed>Selhalo</Failed>
		<Failed_Load_Online_EULA>Nelze načíst online smlouvu EULA</Failed_Load_Online_EULA>
		<Failed_Save_Settings>Uložení nastavení se nezdařilo</Failed_Save_Settings>
		<File>Soubor</File>
		<Functions>Funkce</Functions>
		<HTML>HTML</HTML>
		<HTML_to_CSV>HTML do formátu CSV</HTML_to_CSV>
		<Help>Pomoc</Help>
		<Import>Import</Import>
		<Import_Completed>Import dokončen</Import_Completed>
		<Import_SQL>Importovat SQL</Import_SQL>
		<Importer>Dovozce</Importer>
		<Index>Index</Index>
		<Invert>Obrátit se</Invert>
		<JSON>JSON</JSON>
		<LOG_CSV_Path>Cesta protokolu CSV</LOG_CSV_Path>
		<LOG_DB_PATH>Záznamová databáze protokolu</LOG_DB_PATH>
		<Language>Jazyk</Language>
		<Listview_Height>Výška seznamu</Listview_Height>
		<Listview_Width>Width Listview</Listview_Width>
		<MD>Snížení</MD>
		<Master_Table>Hlavní tabulka</Master_Table>
		<Master_Table_Protected>Sqlite_mastertable nebo 'Master Table' je chráněná tabulka. Chcete-li chránit integritu db, nemůžete tuto tabulku upravit</Master_Table_Protected>
		<New>Nový</New>
		<New_in_Memory_Db>Nové v databázi paměti</New_in_Memory_Db>
		<NoUpdates>Žádné aktualizace</NoUpdates>
		<No_Updates>Neexistují žádné aktualizace</No_Updates>
		<Not_Supported>Není podporováno</Not_Supported>
		<Open>otevřeno</Open>
		<Opened>Otevřeno</Opened>
		<PRGM_Start>Program byl spuštěn</PRGM_Start>
		<PXML>XML</PXML>
		<Plugin>Zapojit</Plugin>
		<Query>Dotaz</Query>
		<Query_Error>Chyba dotazu</Query_Error>
		<Refresh_Schema>Obnovit schéma</Refresh_Schema>
		<Run_Function>Spustit funkci</Run_Function>
		<SCHEMA_PRIVATE>SCHEMA-PRIVATE</SCHEMA_PRIVATE>
		<SQL>SQL</SQL>
		<Save>Uložit</Save>
		<Save_and_Close>Uložit a zavřít</Save_and_Close>
		<Search>Vyhledávání</Search>
		<Search_Settings>Nastavení vyhledávání</Search_Settings>
		<Search_in>Hledat v</Search_in>
		<Settings>Nastavení</Settings>
		<Settings_Editor>Editor úprav</Settings_Editor>
		<Show_Help>Zobrazit nápovědu</Show_Help>
		<Sort>Třídit</Sort>
		<Sort_by>Seřazeno podle</Sort_by>
		<Stack_Trace>Stack Trace</Stack_Trace>
		<Statistics_Page>Statistika Stránka</Statistics_Page>
		<Strict_Search>Přísné vyhledávání</Strict_Search>
		<Success>Úspěch</Success>
		<System>Systém</System>
		<Table>Stůl</Table>
		<Toggle_Debug>Přepnout ladění</Toggle_Debug>
		<Toggle_Transaction_Log>Přepínání protokolu transakcí</Toggle_Transaction_Log>
		<Transaction_DB_Path>Cesta databáze transakcí</Transaction_DB_Path>
		<UI>UI</UI>
		<User_Requested>Požadovaný uživatel</User_Requested>
		<View>Pohled</View>
		<View_Function>Funkce zobrazení</View_Function>
		<Views_Read_Only>Pohledy jsou číst a nelze je editovat</Views_Read_Only>
		<WMU>Wiki MarkUp</WMU>
	</Language>
</root>