<?xml version="1.0" encoding="UTF-8" standalone="yes"?>
<root>
	<Language>
		<About>Amdanom ni</About>
		<Access_Denied>Mynediad wedi ei wrthod</Access_Denied>
		<App>Cais</App>
		<Application>App</Application>
		<Asc>Yn ymestyn</Asc>
		<Auto_Log>Log Auto</Auto_Log>
		<Browse>Pori</Browse>
		<CMD_Tooltip>Yn gweithredu datganiadau gorchymyn SQL wedi'u haddasu i'r gronfa ddata</CMD_Tooltip>
		<CSV>CSV</CSV>
		<Check_Log>Gwall: Gwiriwch y log am fanylion</Check_Log>
		<Check_for_Updates>Gwiriwch am y Diweddariadau</Check_for_Updates>
		<Close_TW>Cau TW</Close_TW>
		<Close_wo_saving>Cau heb Arbed</Close_wo_saving>
		<Command>Gorchymyn</Command>
		<Converter>Converter</Converter>
		<Create_Statistics_Page>Creu Tudalen Ystadegau</Create_Statistics_Page>
		<Critical_Fault_Error>Gwall Fethyg Critigol</Critical_Fault_Error>
		<Dataview_Error>Nid yw'r Cronfa Ddata neu'r Dataview yn bodoli na chânt eu llwytho eto</Dataview_Error>
		<Debug>Diddymu</Debug>
		<Define_New_Table>Diffinio Tabl Newydd</Define_New_Table>
		<Deliminator>Deliminator</Deliminator>
		<Desc>Syrthio</Desc>
		<Developer>Datblygwr</Developer>
		<Display_Settings>Gosodiadau Arddangos</Display_Settings>
		<Download_Update>Lawrlwytho Diweddariad</Download_Update>
		<Edit>Golygu</Edit>
		<Error>Gwall</Error>
		<Error_Generic>O na aeth rhywbeth o'i le! :(</Error_Generic>
		<Error_No_DB>Gwall: Nid oes Cronfa Ddata wedi'i lwytho</Error_No_DB>
		<Export>Allforio</Export>
		<Export_CSV>CSV ALLFORIO AR GYMRAEG</Export_CSV>
		<Export_HTML_Data>Allforio HTML DATA ar ran</Export_HTML_Data>
		<Export_HTML_Schema>Allforio HTML SCHEMA ar ran</Export_HTML_Schema>
		<Export_SQL_SCHEMA>Allforio SQL - SCHEMA - Ar ran</Export_SQL_SCHEMA>
		<Export_SQL_SQL>Allforio SQL - SQL - Ar ran</Export_SQL_SQL>
		<Export_UI>UI Allforio</Export_UI>
		<Export_XML>ALLFORIO XML AR GYFER</Export_XML>
		<Extensions>Estyniadau</Extensions>
		<Failed>Wedi methu</Failed>
		<Failed_Load_Online_EULA>Methu llwytho EULA ar-lein</Failed_Load_Online_EULA>
		<Failed_Save_Settings>Methwyd i Arbed Gosodiadau</Failed_Save_Settings>
		<File>Ffeil</File>
		<Functions>Swyddogaethau</Functions>
		<HTML>HTML</HTML>
		<HTML_to_CSV>HTML i CSV</HTML_to_CSV>
		<Help>Help</Help>
		<Import>Mewnforio</Import>
		<Import_Completed>Mewnforio Wedi'i gwblhau</Import_Completed>
		<Import_SQL>Mewnforio SQL</Import_SQL>
		<Importer>Importer</Importer>
		<Index>Mynegai</Index>
		<Invert>Gwrthdroi</Invert>
		<JSON>JSON</JSON>
		<LOG_CSV_Path>Llwybr CSV Log</LOG_CSV_Path>
		<LOG_DB_PATH>Log DatabasePath</LOG_DB_PATH>
		<Language>Iaith</Language>
		<Listview_Height>Uchder Rhestr</Listview_Height>
		<Listview_Width>Lled Listview</Listview_Width>
		<MD>MarkDown</MD>
		<Master_Table>Tabl Meistr</Master_Table>
		<Master_Table_Protected>Mae sqlite_mastertable neu 'Master Table' yn fwrdd a ddiogelir. I ddiogelu uniondeb y db, ni allwch olygu'r tabl hwn</Master_Table_Protected>
		<New>Newydd</New>
		<New_in_Memory_Db>Cronfa Ddata Newydd mewn Cof</New_in_Memory_Db>
		<NoUpdates>Dim Diweddariadau</NoUpdates>
		<No_Updates>Nid oes unrhyw ddiweddariadau ar gael</No_Updates>
		<Not_Supported>Heb eu cefnogi</Not_Supported>
		<Open>Agor</Open>
		<Opened>Agorwyd</Opened>
		<PRGM_Start>Dechreuodd y Rhaglen</PRGM_Start>
		<PXML>XML</PXML>
		<Plugin>Ategyn</Plugin>
		<Query>Ymholiad</Query>
		<Query_Error>Gwall Ymholiad</Query_Error>
		<Refresh_Schema>Refresh Schema</Refresh_Schema>
		<Run_Function>Swyddogaeth Rhedeg</Run_Function>
		<SCHEMA_PRIVATE>SCHEMA-PREVATE</SCHEMA_PRIVATE>
		<SQL>SQL</SQL>
		<Save>Arbed</Save>
		<Save_and_Close>Arbed a Chau</Save_and_Close>
		<Search>Chwilio</Search>
		<Search_Settings>Chwilio'r Settings</Search_Settings>
		<Search_in>Chwilio Mewn</Search_in>
		<Settings>Gosodiadau</Settings>
		<Settings_Editor>Golygydd Gosodiadau</Settings_Editor>
		<Show_Help>Dangos Help</Show_Help>
		<Sort>Trefnu</Sort>
		<Sort_by>Trefnu Yn ôl</Sort_by>
		<Stack_Trace>Stack Trace</Stack_Trace>
		<Statistics_Page>Tudalen Ystadegau</Statistics_Page>
		<Strict_Search>Chwiliad llym</Strict_Search>
		<Success>Llwyddiant</Success>
		<System>System</System>
		<Table>Tabl</Table>
		<Toggle_Debug>Toggle Debug</Toggle_Debug>
		<Toggle_Transaction_Log>Toggle Log Trafodion</Toggle_Transaction_Log>
		<Transaction_DB_Path>Llwybr Cronfa Ddata Trafodion</Transaction_DB_Path>
		<UI>UI</UI>
		<User_Requested>Y Defnyddiwr y Gofynnwyd amdano</User_Requested>
		<View>Gweld</View>
		<View_Function>View Function</View_Function>
		<Views_Read_Only>Mae'r farn yn ddarlleniadol ac ni ellir ei olygu</Views_Read_Only>
		<WMU>Wiki MarkUp</WMU>
	</Language>
</root>