<?xml version="1.0" encoding="UTF-8" standalone="yes"?>
<root>
	<Language>
		<About>Om</About>
		<Access_Denied>Adgang nægtet</Access_Denied>
		<App>Anvendelse</App>
		<Application>App</Application>
		<Asc>stigende</Asc>
		<Auto_Log>Automatisk log</Auto_Log>
		<Browse>Gennemse</Browse>
		<CMD_Tooltip>Udfører tilpassede SQL kommandosætninger på databasen</CMD_Tooltip>
		<CSV>CSV</CSV>
		<Check_Log>Fejl: Kontroller logfilen for detaljer</Check_Log>
		<Check_for_Updates>Søg efter opdateringer</Check_for_Updates>
		<Close_TW>Luk TW</Close_TW>
		<Close_wo_saving>Luk uden at gemme</Close_wo_saving>
		<Command>Kommando</Command>
		<Converter>Converter</Converter>
		<Create_Statistics_Page>Opret statistik side</Create_Statistics_Page>
		<Critical_Fault_Error>Kritisk fejlfejl</Critical_Fault_Error>
		<Dataview_Error>Databasen eller Dataview eksisterer ikke eller er endnu ikke indlæst</Dataview_Error>
		<Debug>Fejlfinde</Debug>
		<Define_New_Table>Definer ny tabel</Define_New_Table>
		<Deliminator>Deliminator</Deliminator>
		<Desc>Aftagende</Desc>
		<Developer>Udvikler</Developer>
		<Display_Settings>Skærmindstillinger</Display_Settings>
		<Download_Update>Download opdatering</Download_Update>
		<Edit>Redigere</Edit>
		<Error>Fejl</Error>
		<Error_Generic>Åh ikke noget gik galt! :(</Error_Generic>
		<Error_No_DB>Fejl: Ingen database er blevet indlæst</Error_No_DB>
		<Export>Eksport</Export>
		<Export_CSV>EKSPORT CSV PÅ HJÆLP AF</Export_CSV>
		<Export_HTML_Data>Eksporter HTML DATA på vegne af</Export_HTML_Data>
		<Export_HTML_Schema>Eksporter HTML SCHEMA på vegne af</Export_HTML_Schema>
		<Export_SQL_SCHEMA>Eksporter SQL - SCHEMA - På vegne af</Export_SQL_SCHEMA>
		<Export_SQL_SQL>Eksporter SQL - SQL - På vegne af</Export_SQL_SQL>
		<Export_UI>Eksporter brugergrænseflade</Export_UI>
		<Export_XML>Eksport XML på grund af</Export_XML>
		<Extensions>Udvidelser</Extensions>
		<Failed>mislykkedes</Failed>
		<Failed_Load_Online_EULA>Kunne ikke indlæse online EULA</Failed_Load_Online_EULA>
		<Failed_Save_Settings>Kunne ikke gemme indstillinger</Failed_Save_Settings>
		<File>Fil</File>
		<Functions>Funktioner</Functions>
		<HTML>HTML</HTML>
		<HTML_to_CSV>HTML til CSV</HTML_to_CSV>
		<Help>Hjælp</Help>
		<Import>Importere</Import>
		<Import_Completed>Importen er afsluttet</Import_Completed>
		<Import_SQL>Import SQL</Import_SQL>
		<Importer>Importør</Importer>
		<Index>Indeks</Index>
		<Invert>Inverter</Invert>
		<JSON>JSON</JSON>
		<LOG_CSV_Path>Log CSV-sti</LOG_CSV_Path>
		<LOG_DB_PATH>Log DatabasePath</LOG_DB_PATH>
		<Language>Sprog</Language>
		<Listview_Height>Listview Højde</Listview_Height>
		<Listview_Width>Listevisningsbredde</Listview_Width>
		<MD>MarkDown</MD>
		<Master_Table>Masterbord</Master_Table>
		<Master_Table_Protected>Sqlite_mastertable eller 'Master Table' er et beskyttet bord. For at beskytte integriteten af db kan du ikke redigere denne tabel</Master_Table_Protected>
		<New>Ny</New>
		<New_in_Memory_Db>Ny i Memory Database</New_in_Memory_Db>
		<NoUpdates>Ingen opdateringer</NoUpdates>
		<No_Updates>Der er ingen tilgængelige opdateringer</No_Updates>
		<Not_Supported>Ikke understøttet</Not_Supported>
		<Open>Åben</Open>
		<Opened>åbnede</Opened>
		<PRGM_Start>Program startet</PRGM_Start>
		<PXML>XML</PXML>
		<Plugin>Plugin</Plugin>
		<Query>Forespørgsel</Query>
		<Query_Error>Forespørgselsfejl</Query_Error>
		<Refresh_Schema>Opdater Schema</Refresh_Schema>
		<Run_Function>Kør Funktion</Run_Function>
		<SCHEMA_PRIVATE>SCHEMA-PRIVATE</SCHEMA_PRIVATE>
		<SQL>SQL</SQL>
		<Save>Gemme</Save>
		<Save_and_Close>Gem og luk</Save_and_Close>
		<Search>Søg</Search>
		<Search_Settings>Søgningsindstillinger</Search_Settings>
		<Search_in>Søg i</Search_in>
		<Settings>Indstillinger</Settings>
		<Settings_Editor>Indstillinger Editor</Settings_Editor>
		<Show_Help>Vis hjælp</Show_Help>
		<Sort>Sortere</Sort>
		<Sort_by>Sorter efter</Sort_by>
		<Stack_Trace>Stack Trace</Stack_Trace>
		<Statistics_Page>Statistik side</Statistics_Page>
		<Strict_Search>Strenge søgning</Strict_Search>
		<Success>Succes</Success>
		<System>System</System>
		<Table>Tabel</Table>
		<Toggle_Debug>Skift fejlfinding</Toggle_Debug>
		<Toggle_Transaction_Log>Skift Transaktionslog</Toggle_Transaction_Log>
		<Transaction_DB_Path>Transaktionsdatabasepath</Transaction_DB_Path>
		<UI>UI</UI>
		<User_Requested>Bruger anmodet</User_Requested>
		<View>Udsigt</View>
		<View_Function>Vis Funktion</View_Function>
		<Views_Read_Only>Visninger er readonly og kan ikke redigeres</Views_Read_Only>
		<WMU>Wiki MarkUp</WMU>
	</Language>
</root>