<?xml version="1.0" encoding="UTF-8" standalone="yes"?>
<root>
	<Language>
		<About>About</About>
		<Access_Denied>Access denied</Access_Denied>
		<App>Application</App>
		<Application>App</Application>
		<Asc>Ascending</Asc>
		<Auto_Log>Auto Log</Auto_Log>
		<Browse>Browse</Browse>
		<CMD_Tooltip>Executes customized SQL command statements onto the database</CMD_Tooltip>
		<CSV>CSV</CSV>
		<Check_Log>Error : Please check the log for details</Check_Log>
		<Check_for_Updates>Check for Updates</Check_for_Updates>
		<Close_TW>Close TW</Close_TW>
		<Close_wo_saving>Close without Saving</Close_wo_saving>
		<Command>Command</Command>
		<Converter>Converter</Converter>
		<Create_Statistics_Page>Create Statistics Page</Create_Statistics_Page>
		<Critical_Fault_Error>Critical Fault Error</Critical_Fault_Error>
		<Dataview_Error>The Database or Dataview does not exist or has not been loaded yet</Dataview_Error>
		<Debug>Debug</Debug>
		<Define_New_Table>Define New Table</Define_New_Table>
		<Deliminator>Deliminator</Deliminator>
		<Desc>Descending</Desc>
		<Developer>Developer</Developer>
		<Display_Settings>Display Settings</Display_Settings>
		<Download_Update>Download Update</Download_Update>
		<Edit>Edit</Edit>
		<Error>Error</Error>
		<Error_Generic>Oh no something went wrong! :(</Error_Generic>
		<Error_No_DB>Error : No Database has been loaded</Error_No_DB>
		<Export>Export</Export>
		<Export_CSV>EXPORT CSV ON BEHALF OF </Export_CSV>
		<Export_HTML_Data>Export HTML DATA on behalf of </Export_HTML_Data>
		<Export_HTML_Schema>Export HTML SCHEMA on behalf of </Export_HTML_Schema>
		<Export_SQL_SCHEMA>Export SQL - SCHEMA - On behalf of </Export_SQL_SCHEMA>
		<Export_SQL_SQL>Export SQL - SQL - On behalf of </Export_SQL_SQL>
		<Export_UI>Export UI</Export_UI>
		<Export_XML>EXPORT XML ON BEHALF OF</Export_XML>
		<Extensions>Extensions</Extensions>
		<Failed>Failed</Failed>
		<Failed_Load_Online_EULA>Failed to load online EULA</Failed_Load_Online_EULA>
		<Failed_Save_Settings>Failed to Save Settings</Failed_Save_Settings>
		<File>File</File>
		<Functions>Functions</Functions>
		<HTML>HTML</HTML>
		<HTML_to_CSV>HTML to CSV</HTML_to_CSV>
		<Help>Help</Help>
		<Import>Import</Import>
		<Import_Completed>Import Completed</Import_Completed>
		<Import_SQL>Import SQL</Import_SQL>
		<Importer>Importer</Importer>
		<Index>Index</Index>
		<Invert>Invert</Invert>
		<JSON>JSON</JSON>
		<LOG_CSV_Path>Log CSV Path</LOG_CSV_Path>
		<LOG_DB_PATH>Log DatabasePath</LOG_DB_PATH>
		<Language>Language</Language>
		<Listview_Height>Listview Height</Listview_Height>
		<Listview_Width>Listview Width</Listview_Width>
		<MD>MarkDown</MD>
		<Master_Table>Master Table</Master_Table>
		<Master_Table_Protected>Sqlite_mastertable or 'Master Table' is a protected table. To protect the integrity of the db you cannot edit this table</Master_Table_Protected>
		<New>New</New>
		<New_in_Memory_Db>New in Memory Database</New_in_Memory_Db>
		<NoUpdates>No Updates</NoUpdates>
		<No_Updates>There are no updates available</No_Updates>
		<Not_Supported>Not Supported</Not_Supported>
		<Open>Open</Open>
		<Opened>Opened</Opened>
		<PRGM_Start>Program Started</PRGM_Start>
		<PXML>XML</PXML>
		<Plugin>Plugin</Plugin>
		<Query>Query</Query>
		<Query_Error>Query Error</Query_Error>
		<Refresh_Schema>Refresh Schema</Refresh_Schema>
		<Run_Function>Run Function</Run_Function>
		<SCHEMA_PRIVATE>SCHEMA-PRIVATE</SCHEMA_PRIVATE>
		<SQL>SQL</SQL>
		<Save>Save</Save>
		<Save_and_Close>Save and Close</Save_and_Close>
		<Search>Search</Search>
		<Search_Settings>Search Settings</Search_Settings>
		<Search_in>Search In</Search_in>
		<Settings>Settings</Settings>
		<Settings_Editor>Settings Editor</Settings_Editor>
		<Show_Help>Show Help</Show_Help>
		<Sort>Sort</Sort>
		<Sort_by>Sort By</Sort_by>
		<Stack_Trace>Stack Trace</Stack_Trace>
		<Statistics_Page>Statistics Page</Statistics_Page>
		<Strict_Search>Strict Search</Strict_Search>
		<Success>Success</Success>
		<System>System</System>
		<Table>Table</Table>
		<Toggle_Debug>Toggle Debug</Toggle_Debug>
		<Toggle_Transaction_Log>Toggle Transaction Log</Toggle_Transaction_Log>
		<Transaction_DB_Path>Transaction Database Path</Transaction_DB_Path>
		<UI>UI</UI>
		<User_Requested>User Requested</User_Requested>
		<View>View</View>
		<View_Function>View Function</View_Function>
		<Views_Read_Only>Views are readonly and cannot be edited</Views_Read_Only>
		<WMU>Wiki MarkUp</WMU>
	</Language>
</root>