<?xml version="1.0" encoding="UTF-8" standalone="yes"?>
<root>
	<Language>
		<About>Acerca de</About>
		<Access_Denied>Acceso denegado</Access_Denied>
		<App>Solicitud</App>
		<Application>Aplicación</Application>
		<Asc>Ascendente</Asc>
		<Auto_Log>Registro automático</Auto_Log>
		<Browse>Vistazo</Browse>
		<CMD_Tooltip>Ejecuta instrucciones de comando SQL personalizadas en la base de datos</CMD_Tooltip>
		<CSV>CSV</CSV>
		<Check_Log>Error: verifique el registro para obtener más detalles</Check_Log>
		<Check_for_Updates>Buscar actualizaciones</Check_for_Updates>
		<Close_TW>Cerrar TW</Close_TW>
		<Close_wo_saving>Cerrar sin guardar</Close_wo_saving>
		<Command>Mando</Command>
		<Converter>Convertidor</Converter>
		<Create_Statistics_Page>Crear página de estadísticas</Create_Statistics_Page>
		<Critical_Fault_Error>Error crítico de falla</Critical_Fault_Error>
		<Dataview_Error>La base de datos o la vista de datos no existe o no se ha cargado aún</Dataview_Error>
		<Debug>Depurar</Debug>
		<Define_New_Table>Definir nueva tabla</Define_New_Table>
		<Deliminator>Delimador</Deliminator>
		<Desc>Descendente</Desc>
		<Developer>Desarrollador</Developer>
		<Display_Settings>Configuración de pantalla</Display_Settings>
		<Download_Update>Descarga de la actualización</Download_Update>
		<Edit>Editar</Edit>
		<Error>Error</Error>
		<Error_Generic>¡Oh, no, no salió nada! :(</Error_Generic>
		<Error_No_DB>Error: no se ha cargado ninguna base de datos</Error_No_DB>
		<Export>Exportar</Export>
		<Export_CSV>EXPORTAR CSV EN NOMBRE DE</Export_CSV>
		<Export_HTML_Data>Exportar HTML DATA en nombre de</Export_HTML_Data>
		<Export_HTML_Schema>Exportar HTML SCHEMA en nombre de</Export_HTML_Schema>
		<Export_SQL_SCHEMA>Exportar SQL - SCHEMA - En nombre de</Export_SQL_SCHEMA>
		<Export_SQL_SQL>Exportar SQL - SQL - En nombre de</Export_SQL_SQL>
		<Export_UI>IU de exportación</Export_UI>
		<Export_XML>EXPORTACIÓN XML EN NOMBRE DE</Export_XML>
		<Extensions>Extensiones</Extensions>
		<Failed>Ha fallado</Failed>
		<Failed_Load_Online_EULA>Error al cargar el EULA en línea</Failed_Load_Online_EULA>
		<Failed_Save_Settings>Error al guardar la configuración</Failed_Save_Settings>
		<File>Archivo</File>
		<Functions>Funciones</Functions>
		<HTML>HTML</HTML>
		<HTML_to_CSV>HTML a CSV</HTML_to_CSV>
		<Help>Ayuda</Help>
		<Import>Importar</Import>
		<Import_Completed>Importar completado</Import_Completed>
		<Import_SQL>Importar SQL</Import_SQL>
		<Importer>Importador</Importer>
		<Index>Índice</Index>
		<Invert>Invertir</Invert>
		<JSON>JSON</JSON>
		<LOG_CSV_Path>Log CSV Path</LOG_CSV_Path>
		<LOG_DB_PATH>Log DatabasePath</LOG_DB_PATH>
		<Language>Idioma</Language>
		<Listview_Height>Altura de la vista de lista</Listview_Height>
		<Listview_Width>Listview Ancho</Listview_Width>
		<MD>Reducción</MD>
		<Master_Table>Mesa maestra</Master_Table>
		<Master_Table_Protected>Sqlite_mastertable o 'Master Table' es una tabla protegida. Para proteger la integridad de la base de datos no puede editar esta tabla</Master_Table_Protected>
		<New>Nuevo</New>
		<New_in_Memory_Db>Nuevo en la base de datos de memoria</New_in_Memory_Db>
		<NoUpdates>Sin actualizaciones</NoUpdates>
		<No_Updates>No hay actualizaciones disponibles</No_Updates>
		<Not_Supported>No soportado</Not_Supported>
		<Open>Abierto</Open>
		<Opened>Abrió</Opened>
		<PRGM_Start>Programa iniciado</PRGM_Start>
		<PXML>XML</PXML>
		<Plugin>Enchufar</Plugin>
		<Query>Consulta</Query>
		<Query_Error>Error de consulta</Query_Error>
		<Refresh_Schema>Actualizar esquema</Refresh_Schema>
		<Run_Function>Funcion Run</Run_Function>
		<SCHEMA_PRIVATE>SCHEMA-PRIVADO</SCHEMA_PRIVATE>
		<SQL>SQL</SQL>
		<Save>Salvar</Save>
		<Save_and_Close>Guardar y cerrar</Save_and_Close>
		<Search>Buscar</Search>
		<Search_Settings>Configuración de búsqueda</Search_Settings>
		<Search_in>Busca en</Search_in>
		<Settings>Configuraciones</Settings>
		<Settings_Editor>Editor de configuraciones</Settings_Editor>
		<Show_Help>Mostrar ayuda</Show_Help>
		<Sort>Ordenar</Sort>
		<Sort_by>Ordenar por</Sort_by>
		<Stack_Trace>Stack Trace</Stack_Trace>
		<Statistics_Page>Página de estadísticas</Statistics_Page>
		<Strict_Search>Búsqueda estricta</Strict_Search>
		<Success>Éxito</Success>
		<System>Sistema</System>
		<Table>Mesa</Table>
		<Toggle_Debug>Alternar depuración</Toggle_Debug>
		<Toggle_Transaction_Log>Alternar el registro de transacciones</Toggle_Transaction_Log>
		<Transaction_DB_Path>Ruta de la base de datos de transacciones</Transaction_DB_Path>
		<UI>UI</UI>
		<User_Requested>Usuario solicitado</User_Requested>
		<View>Ver</View>
		<View_Function>Función de vista</View_Function>
		<Views_Read_Only>Las vistas son de solo lectura y no se pueden editar</Views_Read_Only>
		<WMU>Wiki MarkUp</WMU>
	</Language>
</root>