<?xml version="1.0" encoding="UTF-8" standalone="yes"?>
<root>
	<Language>
		<About>Umbes</About>
		<Access_Denied>Ligipääs keelatud</Access_Denied>
		<App>Taotlus</App>
		<Application>Rakendus</Application>
		<Asc>Kasvav</Asc>
		<Auto_Log>Automaatne logimine</Auto_Log>
		<Browse>Sirvige</Browse>
		<CMD_Tooltip>Käivitab kohandatud SQL käsu avaldused andmebaasi</CMD_Tooltip>
		<CSV>CSV</CSV>
		<Check_Log>Viga: palun kontrollige logi üksikasjad</Check_Log>
		<Check_for_Updates>Kontrolli kas uuendused on saadaval</Check_for_Updates>
		<Close_TW>Sulgege TW</Close_TW>
		<Close_wo_saving>Sulge ilma salvestamiseta</Close_wo_saving>
		<Command>Käsk</Command>
		<Converter>Konverter</Converter>
		<Create_Statistics_Page>Loo statistika leht</Create_Statistics_Page>
		<Critical_Fault_Error>Kriitilise vea tõrge</Critical_Fault_Error>
		<Dataview_Error>Andmebaasi või Dataviewi ei eksisteeri või pole veel laetud</Dataview_Error>
		<Debug>Silumine</Debug>
		<Define_New_Table>Määratle uus tabel</Define_New_Table>
		<Deliminator>Deliminaator</Deliminator>
		<Desc>Kahanev</Desc>
		<Developer>Arendaja</Developer>
		<Display_Settings>Kuva seaded</Display_Settings>
		<Download_Update>Laadi alla värskendus</Download_Update>
		<Edit>Muuda</Edit>
		<Error>Viga</Error>
		<Error_Generic>Oh pole midagi valesti läinud! :(</Error_Generic>
		<Error_No_DB>Viga: andmebaasi pole laaditud</Error_No_DB>
		<Export>Eksport</Export>
		<Export_CSV>EKSPORDI CSV VÄLJAS</Export_CSV>
		<Export_HTML_Data>Ekspordi HTML DATA nimel</Export_HTML_Data>
		<Export_HTML_Schema>Ekspordi HTML SCHEMA nimel</Export_HTML_Schema>
		<Export_SQL_SCHEMA>Eksport SQL - SCHEMA - nimel</Export_SQL_SCHEMA>
		<Export_SQL_SQL>Eksport SQL - SQL - nimel</Export_SQL_SQL>
		<Export_UI>Ekspordi kasutajaliides</Export_UI>
		<Export_XML>EXPORT XML KOHTA</Export_XML>
		<Extensions>Laiendused</Extensions>
		<Failed>Ebaõnnestus</Failed>
		<Failed_Load_Online_EULA>EULA-võrguühenduse laadimine ebaõnnestus</Failed_Load_Online_EULA>
		<Failed_Save_Settings>Seadete salvestamine ebaõnnestus</Failed_Save_Settings>
		<File>Faili</File>
		<Functions>Funktsioonid</Functions>
		<HTML>HTML</HTML>
		<HTML_to_CSV>CSV-vormingus HTML</HTML_to_CSV>
		<Help>Abi</Help>
		<Import>Import</Import>
		<Import_Completed>Import lõppes</Import_Completed>
		<Import_SQL>SQL-i import</Import_SQL>
		<Importer>Importija</Importer>
		<Index>Indeks</Index>
		<Invert>Pööra ümber</Invert>
		<JSON>JSON</JSON>
		<LOG_CSV_Path>Logi CSV-tee</LOG_CSV_Path>
		<LOG_DB_PATH>Log DatabasePath</LOG_DB_PATH>
		<Language>Keel</Language>
		<Listview_Height>Listview Height</Listview_Height>
		<Listview_Width>ListViewi laius</Listview_Width>
		<MD>MarkDown</MD>
		<Master_Table>Master tabel</Master_Table>
		<Master_Table_Protected>Sqlite_mastertable või Master Tabel on kaitstud tabel. Db terviklikkuse kaitsmiseks ei saa te seda tabelit redigeerida</Master_Table_Protected>
		<New>Uus</New>
		<New_in_Memory_Db>Uus mälu andmebaasis</New_in_Memory_Db>
		<NoUpdates>Uuendusi pole</NoUpdates>
		<No_Updates>Värskendusi pole saadaval</No_Updates>
		<Not_Supported>Ei toetata</Not_Supported>
		<Open>Avatud</Open>
		<Opened>Avatud</Opened>
		<PRGM_Start>Programm on käivitunud</PRGM_Start>
		<PXML>XML</PXML>
		<Plugin>Sisse panema</Plugin>
		<Query>Päring</Query>
		<Query_Error>Päringu viga</Query_Error>
		<Refresh_Schema>Värskenda skeemi</Refresh_Schema>
		<Run_Function>Käivita funktsioon</Run_Function>
		<SCHEMA_PRIVATE>SCHEMA-PRIVAAT</SCHEMA_PRIVATE>
		<SQL>SQL</SQL>
		<Save>Salvesta</Save>
		<Save_and_Close>Salvesta ja sulgeda</Save_and_Close>
		<Search>Otsing</Search>
		<Search_Settings>Otsing Seaded</Search_Settings>
		<Search_in>Otsi sisse</Search_in>
		<Settings>Seaded</Settings>
		<Settings_Editor>Seadete redaktor</Settings_Editor>
		<Show_Help>Näita abi</Show_Help>
		<Sort>Sorteeri</Sort>
		<Sort_by>Sorteerima</Sort_by>
		<Stack_Trace>Stack Trace</Stack_Trace>
		<Statistics_Page>Statistika leht</Statistics_Page>
		<Strict_Search>Ranget otsingut</Strict_Search>
		<Success>Edu</Success>
		<System>Süsteem</System>
		<Table>Tabel</Table>
		<Toggle_Debug>Lülita silumine sisse</Toggle_Debug>
		<Toggle_Transaction_Log>Lülita tehingute logi sisse</Toggle_Transaction_Log>
		<Transaction_DB_Path>Tehingu andmebaasi tee</Transaction_DB_Path>
		<UI>UI</UI>
		<User_Requested>Kasutaja soovitud</User_Requested>
		<View>Vaade</View>
		<View_Function>Kuva funktsioon</View_Function>
		<Views_Read_Only>Vaated on kirjutuskaitstud ja neid ei saa muuta</Views_Read_Only>
		<WMU>Wiki MarkUp</WMU>
	</Language>
</root>