<?xml version="1.0" encoding="UTF-8" standalone="yes"?>
<root>
	<Language>
		<About>About</About>
		<Access_Denied>Sarrera debekatua</Access_Denied>
		<App>Aplikazio</App>
		<Application>aplikazioa</Application>
		<Asc>Goruntz</Asc>
		<Auto_Log>Saioa automatikoa</Auto_Log>
		<Browse>arakatu</Browse>
		<CMD_Tooltip>SQL komandoen adierazpenak pertsonalizatzen ditu datu-basean</CMD_Tooltip>
		<CSV>CSV</CSV>
		<Check_Log>Errorea: egiaztatu erregistroa xehetasunetarako</Check_Log>
		<Check_for_Updates>Egiaztatu eguneraketak</Check_for_Updates>
		<Close_TW>Itxi TW</Close_TW>
		<Close_wo_saving>Itxi Aurrezteko gabe</Close_wo_saving>
		<Command>Komando</Command>
		<Converter>Converter</Converter>
		<Create_Statistics_Page>Sortu estatistikak orria</Create_Statistics_Page>
		<Critical_Fault_Error>Akatsen akats kritikoa</Critical_Fault_Error>
		<Dataview_Error>Datu-basea edo Dataview ez da existitzen edo oraindik ez da kargatu</Dataview_Error>
		<Debug>Araztu</Debug>
		<Define_New_Table>Taula berria zehaztu</Define_New_Table>
		<Deliminator>Deliminator</Deliminator>
		<Desc>beheranzko</Desc>
		<Developer>Developer</Developer>
		<Display_Settings>Erakutsi ezarpenak</Display_Settings>
		<Download_Update>Deskargatu eguneratzea</Download_Update>
		<Edit>Edit</Edit>
		<Error>Akatsa</Error>
		<Error_Generic>Oh, ez da ezer gaizki joan! :(</Error_Generic>
		<Error_No_DB>Errorea: Ez da datu-baserik kargatu</Error_No_DB>
		<Export>Export</Export>
		<Export_CSV>EXPORT CSV BEHAR BEZALA</Export_CSV>
		<Export_HTML_Data>Esportatu HTML DATUAK izenean</Export_HTML_Data>
		<Export_HTML_Schema>Esportatu HTML SCHEMA izenean</Export_HTML_Schema>
		<Export_SQL_SCHEMA>Esportatu SQL - SCHEMA - izenean</Export_SQL_SCHEMA>
		<Export_SQL_SQL>Esportatu SQL - SQL - Izenaren ordez</Export_SQL_SQL>
		<Export_UI>Esportatu UI</Export_UI>
		<Export_XML>EXPORT XML BEHALGO DA</Export_XML>
		<Extensions>Extensions</Extensions>
		<Failed>Huts</Failed>
		<Failed_Load_Online_EULA>Ezin izan da EULA linean kargatu</Failed_Load_Online_EULA>
		<Failed_Save_Settings>Ezarpenak gordetzean huts egin du</Failed_Save_Settings>
		<File>file</File>
		<Functions>funtzioak</Functions>
		<HTML>HTML</HTML>
		<HTML_to_CSV>HTML-tik CSV-ra</HTML_to_CSV>
		<Help>Laguntza</Help>
		<Import>Inportazio</Import>
		<Import_Completed>Inportazio osatua</Import_Completed>
		<Import_SQL>Inportatu SQL</Import_SQL>
		<Importer>Importer</Importer>
		<Index>Index</Index>
		<Invert>Alderantzikatu</Invert>
		<JSON>JSON</JSON>
		<LOG_CSV_Path>Hasi saioa CSV bide-izena</LOG_CSV_Path>
		<LOG_DB_PATH>Log DatabasePath</LOG_DB_PATH>
		<Language>Hizkuntza</Language>
		<Listview_Height>Zerrenda altuera</Listview_Height>
		<Listview_Width>Zerrenda zabalera</Listview_Width>
		<MD>Markdown</MD>
		<Master_Table>Mahai nagusia</Master_Table>
		<Master_Table_Protected>Sqlite_mastertable edo 'Master Table' babestutako taula bat da. Dbaren osotasuna babesteko ezin duzu taula hau editatu</Master_Table_Protected>
		<New>New</New>
		<New_in_Memory_Db>Memoria datu-base berrian</New_in_Memory_Db>
		<NoUpdates>Ez dago eguneratzeak</NoUpdates>
		<No_Updates>Ez dago eguneratze erabilgarririk</No_Updates>
		<Not_Supported>Ez da onartzen</Not_Supported>
		<Open>Open</Open>
		<Opened>Irekita</Opened>
		<PRGM_Start>Programa hasi zen</PRGM_Start>
		<PXML>XML</PXML>
		<Plugin>Plugin</Plugin>
		<Query>Kontsulta</Query>
		<Query_Error>Bilaketa-errorea</Query_Error>
		<Refresh_Schema>Freskatu eskema</Refresh_Schema>
		<Run_Function>Exekutatu funtzioa</Run_Function>
		<SCHEMA_PRIVATE>Eskema-PRIVATE</SCHEMA_PRIVATE>
		<SQL>SQL</SQL>
		<Save>Save</Save>
		<Save_and_Close>Gorde eta itxi</Save_and_Close>
		<Search>Search</Search>
		<Search_Settings>Bilaketa ezarpenak</Search_Settings>
		<Search_in>Bilatu in</Search_in>
		<Settings>ezarpenak</Settings>
		<Settings_Editor>Ezarpenak editorea</Settings_Editor>
		<Show_Help>Erakutsi laguntza</Show_Help>
		<Sort>Sort</Sort>
		<Sort_by>Ordenatu arabera</Sort_by>
		<Stack_Trace>Stack Trace</Stack_Trace>
		<Statistics_Page>Estatistika orria</Statistics_Page>
		<Strict_Search>Bilaketa zorrotza</Strict_Search>
		<Success>Arrakasta</Success>
		<System>Sistema</System>
		<Table>Table</Table>
		<Toggle_Debug>Aldatu arazteko</Toggle_Debug>
		<Toggle_Transaction_Log>Aktibatu Transakzioaren egunkaria</Toggle_Transaction_Log>
		<Transaction_DB_Path>Transakzioaren datu-basearen bidea</Transaction_DB_Path>
		<UI>UI</UI>
		<User_Requested>Erabiltzaileak eskatu du</User_Requested>
		<View>ikusi</View>
		<View_Function>Ikusi funtzioa</View_Function>
		<Views_Read_Only>Bistak irakurriak dira eta ezin dira editatu</Views_Read_Only>
		<WMU>Wiki Markup</WMU>
	</Language>
</root>