<?xml version="1.0" encoding="UTF-8" standalone="yes"?>
<root>
	<Language>
		<About>در باره</About>
		<Access_Denied>دسترس? ممنوع است</Access_Denied>
		<App>کاربرد</App>
		<Application>برنامه</Application>
		<Asc>صعود?</Asc>
		<Auto_Log>خودکار ورود</Auto_Log>
		<Browse>مرور کردن</Browse>
		<CMD_Tooltip>دستورات دستور SQL سفارش? را رو? پا?گاه داده اجرا م? کند</CMD_Tooltip>
		<CSV>CSV</CSV>
		<Check_Log>خطا: لطفا جزئ?ات ورود به س?ستم را بررس? کن?د</Check_Log>
		<Check_for_Updates>به روز رسان? ها رو بررس? کن</Check_for_Updates>
		<Close_TW>بستن TW</Close_TW>
		<Close_wo_saving>نزد?ک بدون صرفه جو??</Close_wo_saving>
		<Command>فرمانده?</Command>
		<Converter>مبدل</Converter>
		<Create_Statistics_Page>صفحه آمار را ا?جاد کن?د</Create_Statistics_Page>
		<Critical_Fault_Error>خطا خطا بحران?</Critical_Fault_Error>
		<Dataview_Error>پا?گاه داده ?ا Dataview وجود ندارد و ?ا هنوز بارگذار? نشده است</Dataview_Error>
		<Debug>اشکال زدا??</Debug>
		<Define_New_Table>تعر?ف جدول جد?د</Define_New_Table>
		<Deliminator>دلپذ?ر</Deliminator>
		<Desc>نزول?</Desc>
		<Developer>توسعهدهنده</Developer>
		<Display_Settings>تنظ?مات نما?شگر</Display_Settings>
		<Download_Update>دانلود به روز رسان?</Download_Update>
		<Edit>و?را?ش</Edit>
		<Error>خطا</Error>
		<Error_Generic>اوه ه?چ چ?ز اشتباه رفت! :(</Error_Generic>
		<Error_No_DB>خطا: ه?چ پا?گاه داده بارگ?ر? نشده است</Error_No_DB>
		<Export>صادرات</Export>
		<Export_CSV>صادرات CSV در مقابل</Export_CSV>
		<Export_HTML_Data>صادرات داده HTML به نما?ندگ? از</Export_HTML_Data>
		<Export_HTML_Schema>صادرات HTML SCHEMA به نما?ندگ? از</Export_HTML_Schema>
		<Export_SQL_SCHEMA>صادرات SQL - SCHEMA - به نما?ندگ? از</Export_SQL_SCHEMA>
		<Export_SQL_SQL>صادرات SQL - SQL - به نما?ندگ? از</Export_SQL_SQL>
		<Export_UI>UI صادرات</Export_UI>
		<Export_XML>صادرات XML در مقابل</Export_XML>
		<Extensions>برنامه ها? افزودن?</Extensions>
		<Failed>ناموفق</Failed>
		<Failed_Load_Online_EULA>خطا EULA آنلا?ن بارگ?ر? نشد</Failed_Load_Online_EULA>
		<Failed_Save_Settings>تنظ?مات ذخ?ره نشد</Failed_Save_Settings>
		<File>پرونده</File>
		<Functions>توابع</Functions>
		<HTML>HTML</HTML>
		<HTML_to_CSV>HTML به CSV</HTML_to_CSV>
		<Help>کمک</Help>
		<Import>وارد كردن</Import>
		<Import_Completed>واردات کامل شده است</Import_Completed>
		<Import_SQL>وارد کردن SQL</Import_SQL>
		<Importer>وارد کننده</Importer>
		<Index>شاخص</Index>
		<Invert>معکوس کردن</Invert>
		<JSON>JSON</JSON>
		<LOG_CSV_Path>وارد مس?ر CSV شو?د</LOG_CSV_Path>
		<LOG_DB_PATH>وارد شو?د DatabasePath</LOG_DB_PATH>
		<Language>زبان</Language>
		<Listview_Height>ارتفاع Listview</Listview_Height>
		<Listview_Width>Listview Width</Listview_Width>
		<MD>مارک داون</MD>
		<Master_Table>استاد جدول</Master_Table>
		<Master_Table_Protected>Sqlite_mastertable ?ا 'Master Table' ?ک جدول محافظت شده است. برا? محافظت از ?کپارچگ? DB شما نم? توان?د ا?ن جدول را و?را?ش کن?د</Master_Table_Protected>
		<New>جد?د</New>
		<New_in_Memory_Db>جد?د در پا?گاه داده حافظه</New_in_Memory_Db>
		<NoUpdates>بدون به روز رسان?</NoUpdates>
		<No_Updates>ه?چ به روز رسان? موجود ن?ست</No_Updates>
		<Not_Supported>پشت?بان? نشده</Not_Supported>
		<Open>باز کن</Open>
		<Opened>افتتاح شد</Opened>
		<PRGM_Start>برنامه شروع شده است</PRGM_Start>
		<PXML>XML</PXML>
		<Plugin>پلاگ?ن</Plugin>
		<Query>پرس و جو</Query>
		<Query_Error>خطا درخواست</Query_Error>
		<Refresh_Schema>تجد?د طرح</Refresh_Schema>
		<Run_Function>اجرا? تابع</Run_Function>
		<SCHEMA_PRIVATE>SCHEMA-PRIVATE</SCHEMA_PRIVATE>
		<SQL>SQL</SQL>
		<Save>صرفه جو??</Save>
		<Save_and_Close>ذخ?ره کن و ببند</Save_and_Close>
		<Search>جستجو کردن</Search>
		<Search_Settings>تنظ?مات جستجو</Search_Settings>
		<Search_in>جستجو در</Search_in>
		<Settings>تنظ?مات</Settings>
		<Settings_Editor>تنظ?مات و?را?شگر</Settings_Editor>
		<Show_Help>نما?ش راهنما</Show_Help>
		<Sort>مرتب ساز?</Sort>
		<Sort_by>مرتب ساز? بر اساس</Sort_by>
		<Stack_Trace>پشته رد?اب?</Stack_Trace>
		<Statistics_Page>صفحه آمار</Statistics_Page>
		<Strict_Search>جستجو? دق?ق</Strict_Search>
		<Success>موفق?ت</Success>
		<System>س?ستم</System>
		<Table>جدول</Table>
		<Toggle_Debug>اشکال زدا?? را تغ??ر ده?د</Toggle_Debug>
		<Toggle_Transaction_Log>ورود به حساب تراکنش را تغ??ر ده?د</Toggle_Transaction_Log>
		<Transaction_DB_Path>مس?ر پا?گاه داده تراکنش</Transaction_DB_Path>
		<UI>UI</UI>
		<User_Requested>کاربر درخواست شده</User_Requested>
		<View>چشم انداز</View>
		<View_Function>نما?ش عملکرد</View_Function>
		<Views_Read_Only>نما?ش فقط خواندن? است و قابل و?را?ش ن?ست</Views_Read_Only>
		<WMU>Wiki MarkUp</WMU>
	</Language>
</root>