<?xml version="1.0" encoding="UTF-8" standalone="yes"?>
<root>
	<Language>
		<About>Noin</About>
		<Access_Denied>Pääsy evätty</Access_Denied>
		<App>hakemus</App>
		<Application>Sovellus</Application>
		<Asc>nouseva</Asc>
		<Auto_Log>Automaattinen loki</Auto_Log>
		<Browse>selailla</Browse>
		<CMD_Tooltip>Suorittaa räätälöityjä SQL-käskykomentoja tietokantaan</CMD_Tooltip>
		<CSV>CSV</CSV>
		<Check_Log>Virhe: Tarkista yksityiskohdat lokista</Check_Log>
		<Check_for_Updates>Tarkista päivitykset</Check_for_Updates>
		<Close_TW>Sulje TW</Close_TW>
		<Close_wo_saving>Sulje ilman tallennusta</Close_wo_saving>
		<Command>Komento</Command>
		<Converter>Muunnin</Converter>
		<Create_Statistics_Page>Luo tilastosivu</Create_Statistics_Page>
		<Critical_Fault_Error>Kriittisen virheen virhe</Critical_Fault_Error>
		<Dataview_Error>Tietokanta tai Dataview ei ole olemassa tai sitä ei ole vielä ladattu</Dataview_Error>
		<Debug>debug</Debug>
		<Define_New_Table>Määritä uusi taulukko</Define_New_Table>
		<Deliminator>Deliminator</Deliminator>
		<Desc>aleneva</Desc>
		<Developer>Kehittäjä</Developer>
		<Display_Settings>Näyttöasetukset</Display_Settings>
		<Download_Update>Lataa päivitys</Download_Update>
		<Edit>Muokata</Edit>
		<Error>Virhe</Error>
		<Error_Generic>Voi, ettei jotain meni vikaan! :(</Error_Generic>
		<Error_No_DB>Virhe: Tietokanta ei ole ladattu</Error_No_DB>
		<Export>Viedä</Export>
		<Export_CSV>VIENTI CSV ON</Export_CSV>
		<Export_HTML_Data>Vie HTML DATA: n puolesta</Export_HTML_Data>
		<Export_HTML_Schema>Vie HTML SCHEMA</Export_HTML_Schema>
		<Export_SQL_SCHEMA>Vie SQL - SCHEMA - puolesta</Export_SQL_SCHEMA>
		<Export_SQL_SQL>Vie SQL - SQL - puolesta</Export_SQL_SQL>
		<Export_UI>Vie käyttöliittymä</Export_UI>
		<Export_XML>EXPORT XML ONHALF OF</Export_XML>
		<Extensions>laajennukset</Extensions>
		<Failed>epäonnistui</Failed>
		<Failed_Load_Online_EULA>Verkkoyhteyden lataaminen epäonnistui</Failed_Load_Online_EULA>
		<Failed_Save_Settings>Asetusten tallentaminen epäonnistui</Failed_Save_Settings>
		<File>tiedosto</File>
		<Functions>tehtävät</Functions>
		<HTML>HTML</HTML>
		<HTML_to_CSV>HTML CSV: hen</HTML_to_CSV>
		<Help>auta</Help>
		<Import>Tuonti</Import>
		<Import_Completed>Tuo valmis</Import_Completed>
		<Import_SQL>Tuo SQL</Import_SQL>
		<Importer>maahantuoja</Importer>
		<Index>Indeksi</Index>
		<Invert>Käänteinen</Invert>
		<JSON>JSON</JSON>
		<LOG_CSV_Path>Kirjaa CSV-polku</LOG_CSV_Path>
		<LOG_DB_PATH>Log DatabasePath</LOG_DB_PATH>
		<Language>Kieli</Language>
		<Listview_Height>Listan korkeus</Listview_Height>
		<Listview_Width>Listan leveys</Listview_Width>
		<MD>hinnanalennus</MD>
		<Master_Table>Päätaulukko</Master_Table>
		<Master_Table_Protected>Sqlite_mastertable tai "Master Table" on suojattu taulukko. Et voi muokata tätä taulukkoa DB: n eheyden suojaamiseksi</Master_Table_Protected>
		<New>Uusi</New>
		<New_in_Memory_Db>Uusi muistitietokantaan</New_in_Memory_Db>
		<NoUpdates>Ei päivityksiä</NoUpdates>
		<No_Updates>Päivityksiä ei ole saatavilla</No_Updates>
		<Not_Supported>Ei tueta</Not_Supported>
		<Open>Avata</Open>
		<Opened>avattu</Opened>
		<PRGM_Start>Aloitettu ohjelma</PRGM_Start>
		<PXML>XML</PXML>
		<Plugin>Kytkeä</Plugin>
		<Query>tiedustelu</Query>
		<Query_Error>Kyselyvirhe</Query_Error>
		<Refresh_Schema>Päivitä kaavio</Refresh_Schema>
		<Run_Function>Run-toiminto</Run_Function>
		<SCHEMA_PRIVATE>SCHEMA YKSITYISVERKOT</SCHEMA_PRIVATE>
		<SQL>SQL</SQL>
		<Save>Tallentaa</Save>
		<Save_and_Close>Tallenna ja sulje</Save_and_Close>
		<Search>Hae</Search>
		<Search_Settings>Hakuasetukset</Search_Settings>
		<Search_in>Etsi sisään</Search_in>
		<Settings>asetukset</Settings>
		<Settings_Editor>Asetusten muokkaus</Settings_Editor>
		<Show_Help>Näytä Ohje</Show_Help>
		<Sort>Järjestellä</Sort>
		<Sort_by>Järjestä</Sort_by>
		<Stack_Trace>Stack Trace</Stack_Trace>
		<Statistics_Page>Tilastotieto</Statistics_Page>
		<Strict_Search>Tiukka haku</Strict_Search>
		<Success>Menestys</Success>
		<System>järjestelmä</System>
		<Table>Pöytä</Table>
		<Toggle_Debug>Vaihda virheenkorjaus</Toggle_Debug>
		<Toggle_Transaction_Log>Vaihda tapahtumaloki</Toggle_Transaction_Log>
		<Transaction_DB_Path>Tapahtumatietokannan polku</Transaction_DB_Path>
		<UI>UI</UI>
		<User_Requested>Pyydetty käyttäjä</User_Requested>
		<View>näkymä</View>
		<View_Function>Näytä toiminto</View_Function>
		<Views_Read_Only>Näkymät ovat luettavissa ja niitä ei voi muokata</Views_Read_Only>
		<WMU>Wiki MarkUp</WMU>
	</Language>
</root>