<?xml version="1.0" encoding="UTF-8" standalone="yes"?>
<root>
	<Language>
		<About>Faoi</About>
		<Access_Denied>Diúltaíodh rochtain</Access_Denied>
		<App>Iarratas</App>
		<Application>App</Application>
		<Asc>Ag dul suas</Asc>
		<Auto_Log>Logáil Uathoibríoch</Auto_Log>
		<Browse>Brabhsáil</Browse>
		<CMD_Tooltip>Ráitis ordaithe saincheaptha SQL a fheidhmiú ar an mbunachar sonraí</CMD_Tooltip>
		<CSV>CSV</CSV>
		<Check_Log>Earráid: Seiceáil an logáil isteach le haghaidh sonraí</Check_Log>
		<Check_for_Updates>Seiceáil le haghaidh Nuashonruithe</Check_for_Updates>
		<Close_TW>Dún TW</Close_TW>
		<Close_wo_saving>Dún gan Shábháil</Close_wo_saving>
		<Command>Ordú</Command>
		<Converter>Tiontaire</Converter>
		<Create_Statistics_Page>Cruthaigh Leathanach Staitisticí</Create_Statistics_Page>
		<Critical_Fault_Error>Earráid Chreasach Éasca</Critical_Fault_Error>
		<Dataview_Error>Níl an Bunachar Sonraí nó Dataview ann nó níor luchtaíodh go fóill</Dataview_Error>
		<Debug>Debug</Debug>
		<Define_New_Table>Sainmhínigh Tábla Nua</Define_New_Table>
		<Deliminator>Deliminator</Deliminator>
		<Desc>Ag titim</Desc>
		<Developer>Forbróir</Developer>
		<Display_Settings>Taispeáin Socruithe</Display_Settings>
		<Download_Update>Íoslódáil Nuashonraithe</Download_Update>
		<Edit>Athraigh</Edit>
		<Error>Earráid</Error>
		<Error_Generic>Oh níor chuaigh rud ar bith mícheart! :(</Error_Generic>
		<Error_No_DB>Earráid: Níor luchtaíodh an Bunachar Sonraí</Error_No_DB>
		<Export>Easpórtáil</Export>
		<Export_CSV>ONNMHAIRIÚ CSV MAIDIR LE</Export_CSV>
		<Export_HTML_Data>Onnmhairigh SONRAÍ HTML thar ceann</Export_HTML_Data>
		<Export_HTML_Schema>Export SCHEMA HTML thar ceann</Export_HTML_Schema>
		<Export_SQL_SCHEMA>Export SQL - SCHEMA - Ar son na</Export_SQL_SCHEMA>
		<Export_SQL_SQL>Export SQL - SQL - Thar ceann</Export_SQL_SQL>
		<Export_UI>UI Easpórtála</Export_UI>
		<Export_XML>ONNMHAIRIÚ XML MAIDIR LE</Export_XML>
		<Extensions>Eisínteachtaí</Extensions>
		<Failed>Theip ar</Failed>
		<Failed_Load_Online_EULA>Níorbh fhéidir EULA ar líne a luchtú</Failed_Load_Online_EULA>
		<Failed_Save_Settings>Theip ar Shábháil Socruithe</Failed_Save_Settings>
		<File>Comhad</File>
		<Functions>Feidhmeanna</Functions>
		<HTML>HTML</HTML>
		<HTML_to_CSV>HTML go CSV</HTML_to_CSV>
		<Help>Cabhrú</Help>
		<Import>Iompórtáil</Import>
		<Import_Completed>Iompórtáil Críochnaithe</Import_Completed>
		<Import_SQL>Iompórtáil SQL</Import_SQL>
		<Importer>Allmhaireoir</Importer>
		<Index>Innéacs</Index>
		<Invert>Invert</Invert>
		<JSON>JSON</JSON>
		<LOG_CSV_Path>Logáil CSV Path</LOG_CSV_Path>
		<LOG_DB_PATH>Log Logáil isteach DatabasePath</LOG_DB_PATH>
		<Language>Teanga</Language>
		<Listview_Height>Ardeaglais an Liosta</Listview_Height>
		<Listview_Width>Leithead Radhairc</Listview_Width>
		<MD>MarkDown</MD>
		<Master_Table>Tábla Máistir</Master_Table>
		<Master_Table_Protected>Is sqlite_mastertable nó 'Máistir Tábla' tábla cosanta. Chun ionracas an db a chosaint ní féidir leat an tábla seo a eagrú</Master_Table_Protected>
		<New>Nua</New>
		<New_in_Memory_Db>Bunachar Nua Cuimhne</New_in_Memory_Db>
		<NoUpdates>Gan Nuashonruithe</NoUpdates>
		<No_Updates>Níl aon nuashonruithe ar fáil</No_Updates>
		<Not_Supported>Gan tacaíocht</Not_Supported>
		<Open>Oscail</Open>
		<Opened>Oscailte</Opened>
		<PRGM_Start>Clár Tosaithe</PRGM_Start>
		<PXML>XML</PXML>
		<Plugin>Plugáil isteach</Plugin>
		<Query>Cheist</Query>
		<Query_Error>Earráid Iarratas</Query_Error>
		<Refresh_Schema>Scéim a Athnuachan</Refresh_Schema>
		<Run_Function>Feidhm Rith</Run_Function>
		<SCHEMA_PRIVATE>SCHEMA-PRIVATE</SCHEMA_PRIVATE>
		<SQL>SQL</SQL>
		<Save>Sábháil</Save>
		<Save_and_Close>Sábháil agus Dún</Save_and_Close>
		<Search>Cuardaigh</Search>
		<Search_Settings>Socruithe Cuardaigh</Search_Settings>
		<Search_in>Cuardaigh i</Search_in>
		<Settings>Socruithe</Settings>
		<Settings_Editor>Eagarthóir Socruithe</Settings_Editor>
		<Show_Help>Taispeáin Cabhair</Show_Help>
		<Sort>Sórtáil</Sort>
		<Sort_by>Sórtáil de réir</Sort_by>
		<Stack_Trace>Stack Trace</Stack_Trace>
		<Statistics_Page>Leathanach Staitisticí</Statistics_Page>
		<Strict_Search>Cuardaigh Dian</Strict_Search>
		<Success>Rath</Success>
		<System>Córas</System>
		<Table>Tábla</Table>
		<Toggle_Debug>Diúltaigh Toggle</Toggle_Debug>
		<Toggle_Transaction_Log>Laghdaigh Logáil Idirbhearta</Toggle_Transaction_Log>
		<Transaction_DB_Path>Cosán Bunachar Sonraí Idirbhearta</Transaction_DB_Path>
		<UI>UI</UI>
		<User_Requested>Úsáideoir Iarrtha</User_Requested>
		<View>Amharc</View>
		<View_Function>Feidhm View</View_Function>
		<Views_Read_Only>Tá na radhairc léite agus ní féidir iad a chur in eagar</Views_Read_Only>
		<WMU>Wiki MarkUp</WMU>
	</Language>
</root>