<?xml version="1.0" encoding="UTF-8" standalone="yes"?>
<root>
	<Language>
		<About>Acerca de</About>
		<Access_Denied>Acceso denegado</Access_Denied>
		<App>Solicitude</App>
		<Application>App</Application>
		<Asc>Ascendente</Asc>
		<Auto_Log>Rexistro automático</Auto_Log>
		<Browse>Buscar</Browse>
		<CMD_Tooltip>Executa instrucións de comando SQL personalizadas na base de datos</CMD_Tooltip>
		<CSV>CSV</CSV>
		<Check_Log>Erro: comprobe o rexistro para obter máis detalles</Check_Log>
		<Check_for_Updates>Comprobe se hai actualizacións</Check_for_Updates>
		<Close_TW>Pechar TW</Close_TW>
		<Close_wo_saving>Pechar sen aforrar</Close_wo_saving>
		<Command>Comando</Command>
		<Converter>Conversor</Converter>
		<Create_Statistics_Page>Crear páxina de estatísticas</Create_Statistics_Page>
		<Critical_Fault_Error>Erro crítico de falla</Critical_Fault_Error>
		<Dataview_Error>A base de datos ou Dataview non existe ou aínda non se cargou</Dataview_Error>
		<Debug>Depuración</Debug>
		<Define_New_Table>Definir nova táboa</Define_New_Table>
		<Deliminator>Deliminador</Deliminator>
		<Desc>Descendente</Desc>
		<Developer>Desenvolvedor</Developer>
		<Display_Settings>Configuración da pantalla</Display_Settings>
		<Download_Update>Descargar actualización</Download_Update>
		<Edit>Editar</Edit>
		<Error>Erro</Error>
		<Error_Generic>Ah, non hai algo mal. :(</Error_Generic>
		<Error_No_DB>Erro: Non se cargou ningunha base de datos</Error_No_DB>
		<Export>Exportar</Export>
		<Export_CSV>EXPORT CSV EN NOME DE</Export_CSV>
		<Export_HTML_Data>Exportar DATOS HTML en nome de</Export_HTML_Data>
		<Export_HTML_Schema>Exportar SCHEMA HTML en nome de</Export_HTML_Schema>
		<Export_SQL_SCHEMA>Exportar SQL - SCHEMA - En nome de</Export_SQL_SCHEMA>
		<Export_SQL_SQL>Exportar SQL - SQL - en nome de</Export_SQL_SQL>
		<Export_UI>Exportar a interface de usuario</Export_UI>
		<Export_XML>EXPORT XML EN NOME DE</Export_XML>
		<Extensions>Extensións</Extensions>
		<Failed>Fallou</Failed>
		<Failed_Load_Online_EULA>Non se puido cargar o EULA en liña</Failed_Load_Online_EULA>
		<Failed_Save_Settings>Fallo ao gardar os axustes</Failed_Save_Settings>
		<File>Arquivo</File>
		<Functions>Funcións</Functions>
		<HTML>HTML</HTML>
		<HTML_to_CSV>HTML para CSV</HTML_to_CSV>
		<Help>Axuda</Help>
		<Import>Importar</Import>
		<Import_Completed>Importouse completado</Import_Completed>
		<Import_SQL>Importar SQL</Import_SQL>
		<Importer>Importador</Importer>
		<Index>Índice</Index>
		<Invert>Invertir</Invert>
		<JSON>JSON</JSON>
		<LOG_CSV_Path>Rexistrar o camiño de CSV</LOG_CSV_Path>
		<LOG_DB_PATH>Base de datos de rexistro</LOG_DB_PATH>
		<Language>Lingua</Language>
		<Listview_Height>Altura da lista</Listview_Height>
		<Listview_Width>Ancho da lista</Listview_Width>
		<MD>MarkDown</MD>
		<Master_Table>Mesa mestra</Master_Table>
		<Master_Table_Protected>Sqlite_mastertable ou 'Master Table' é unha táboa protexida. Para protexer a integridade do db non podes editar esta táboa</Master_Table_Protected>
		<New>Novo</New>
		<New_in_Memory_Db>Nova na base de datos da memoria</New_in_Memory_Db>
		<NoUpdates>Non hai actualizacións</NoUpdates>
		<No_Updates>Non hai actualizacións dispoñibles</No_Updates>
		<Not_Supported>Non admitido</Not_Supported>
		<Open>Aberto</Open>
		<Opened>Apertura</Opened>
		<PRGM_Start>Comezou o programa</PRGM_Start>
		<PXML>XML</PXML>
		<Plugin>Enchufar</Plugin>
		<Query>Consulta</Query>
		<Query_Error>Erro de consulta</Query_Error>
		<Refresh_Schema>Actualizar esquema</Refresh_Schema>
		<Run_Function>Función de execución</Run_Function>
		<SCHEMA_PRIVATE>SCHEMA-PRIVATE</SCHEMA_PRIVATE>
		<SQL>SQL</SQL>
		<Save>Gardar</Save>
		<Save_and_Close>Gardar e pechar</Save_and_Close>
		<Search>Busca</Search>
		<Search_Settings>Configuración de busca</Search_Settings>
		<Search_in>Buscar en</Search_in>
		<Settings>Configuración</Settings>
		<Settings_Editor>Editor de configuracións</Settings_Editor>
		<Show_Help>Mostrar Axuda</Show_Help>
		<Sort>Ordenar</Sort>
		<Sort_by>Ordenar por</Sort_by>
		<Stack_Trace>Rastrexo de pila</Stack_Trace>
		<Statistics_Page>Páxina de estatísticas</Statistics_Page>
		<Strict_Search>Busca estrita</Strict_Search>
		<Success>Éxito</Success>
		<System>Sistema</System>
		<Table>Táboa</Table>
		<Toggle_Debug>Activar a depuración</Toggle_Debug>
		<Toggle_Transaction_Log>Activar o rexistro de transaccións</Toggle_Transaction_Log>
		<Transaction_DB_Path>Camiño da base de datos de transaccións</Transaction_DB_Path>
		<UI>IU</UI>
		<User_Requested>Usuario solicitado</User_Requested>
		<View>Ver</View>
		<View_Function>Función de vista</View_Function>
		<Views_Read_Only>As imaxes son de lectura e non se poden editar</Views_Read_Only>
		<WMU>Wiki Markup</WMU>
	</Language>
</root>