<?xml version="1.0" encoding="UTF-8" standalone="yes"?>
<root>
	<Language>
		<About>Oko</About>
		<Access_Denied>Pristup odbijen</Access_Denied>
		<App>primjena</App>
		<Application>Aplikacija</Application>
		<Asc>Uzlazni</Asc>
		<Auto_Log>Auto Log</Auto_Log>
		<Browse>brstiti</Browse>
		<CMD_Tooltip>Izvršava prilagođene SQL naredbe iz naredbi na bazu podataka</CMD_Tooltip>
		<CSV>CSV</CSV>
		<Check_Log>Pogreška: Molimo provjerite zapisnik za detalje</Check_Log>
		<Check_for_Updates>Provjerite ažuriranja</Check_for_Updates>
		<Close_TW>Zatvori TW</Close_TW>
		<Close_wo_saving>Zatvorite bez spremanja</Close_wo_saving>
		<Command>Naredba</Command>
		<Converter>Konverter</Converter>
		<Create_Statistics_Page>Napravite stranicu statistike</Create_Statistics_Page>
		<Critical_Fault_Error>Pogreška kritične pogreške</Critical_Fault_Error>
		<Dataview_Error>Baza podataka ili Dataview ne postoji ili još nije učitana</Dataview_Error>
		<Debug>otkloniti neispravnost</Debug>
		<Define_New_Table>Definirajte novu tablicu</Define_New_Table>
		<Deliminator>Deliminator</Deliminator>
		<Desc>Silazni</Desc>
		<Developer>razvijač</Developer>
		<Display_Settings>Postavke prikaza</Display_Settings>
		<Download_Update>Ažuriranje ažuriranja</Download_Update>
		<Edit>Uredi</Edit>
		<Error>greška</Error>
		<Error_Generic>Oh, nije ništa pošlo po zlu! :(</Error_Generic>
		<Error_No_DB>Pogreška: Nije učitana baza podataka</Error_No_DB>
		<Export>Izvoz</Export>
		<Export_CSV>IZVOZ CSV U SKLOPU</Export_CSV>
		<Export_HTML_Data>Izvoz HTML DATA u ime tvrtke</Export_HTML_Data>
		<Export_HTML_Schema>Izvoz HTML SCHEMA u ime tvrtke</Export_HTML_Schema>
		<Export_SQL_SCHEMA>Izvoz SQL - SCHEMA - U ime tvrtke</Export_SQL_SCHEMA>
		<Export_SQL_SQL>Izvoz SQL - SQL - u ime tvrtke</Export_SQL_SQL>
		<Export_UI>Izvezi korisničko sučelje</Export_UI>
		<Export_XML>IZVOZ XML NA PODRUČJU</Export_XML>
		<Extensions>Proširenja</Extensions>
		<Failed>Neuspjeh</Failed>
		<Failed_Load_Online_EULA>Učitavanje EULA internetske veze nije uspjelo</Failed_Load_Online_EULA>
		<Failed_Save_Settings>Spremanje postavki nije uspjelo</Failed_Save_Settings>
		<File>Datoteka</File>
		<Functions>funkcije</Functions>
		<HTML>HTML</HTML>
		<HTML_to_CSV>HTML u CSV</HTML_to_CSV>
		<Help>Pomoć</Help>
		<Import>Uvoz</Import>
		<Import_Completed>Uvoz je dovršen</Import_Completed>
		<Import_SQL>Uvoz SQL</Import_SQL>
		<Importer>Uvoznik</Importer>
		<Index>Indeks</Index>
		<Invert>izokrenuti</Invert>
		<JSON>JSON</JSON>
		<LOG_CSV_Path>Prijavite CSV put</LOG_CSV_Path>
		<LOG_DB_PATH>Prijavite DatabasePath</LOG_DB_PATH>
		<Language>Jezik</Language>
		<Listview_Height>Visina listarne visine</Listview_Height>
		<Listview_Width>Širina popisa prikaza</Listview_Width>
		<MD>Smanjenje</MD>
		<Master_Table>Glavna tablica</Master_Table>
		<Master_Table_Protected>Sqlite_mastertable ili 'Master Table' je zaštićena tablica. Za zaštitu cjelovitosti DB ne možete uređivati ovu tablicu</Master_Table_Protected>
		<New>Novi</New>
		<New_in_Memory_Db>Novo u memorijskoj bazi podataka</New_in_Memory_Db>
		<NoUpdates>Nema ažuriranja</NoUpdates>
		<No_Updates>Nema dostupnih ažuriranja</No_Updates>
		<Not_Supported>Nije podržano</Not_Supported>
		<Open>Otvoren</Open>
		<Opened>otvorena</Opened>
		<PRGM_Start>Program je započeo</PRGM_Start>
		<PXML>XML</PXML>
		<Plugin>Uključiti</Plugin>
		<Query>pitanje</Query>
		<Query_Error>Pogreška upita</Query_Error>
		<Refresh_Schema>Osvježi shemu</Refresh_Schema>
		<Run_Function>Pokreni funkciju</Run_Function>
		<SCHEMA_PRIVATE>SCHEMA-PRIVATNI</SCHEMA_PRIVATE>
		<SQL>SQL</SQL>
		<Save>Uštedjeti</Save>
		<Save_and_Close>Spremi i zatvori</Save_and_Close>
		<Search>traži</Search>
		<Search_Settings>Postavke pretraživanja</Search_Settings>
		<Search_in>Traži u</Search_in>
		<Settings>postavke</Settings>
		<Settings_Editor>Postavke uređivača</Settings_Editor>
		<Show_Help>Prikaži pomoć</Show_Help>
		<Sort>Vrsta</Sort>
		<Sort_by>Poredaj po</Sort_by>
		<Stack_Trace>Stack Trace</Stack_Trace>
		<Statistics_Page>Stranica statistike</Statistics_Page>
		<Strict_Search>Strogo pretraživanje</Strict_Search>
		<Success>Uspjeh</Success>
		<System>sistem</System>
		<Table>Stol</Table>
		<Toggle_Debug>Uključi debug</Toggle_Debug>
		<Toggle_Transaction_Log>Prebaci dnevnik transakcije</Toggle_Transaction_Log>
		<Transaction_DB_Path>Put baze podataka transakcije</Transaction_DB_Path>
		<UI>UI</UI>
		<User_Requested>Traženo od korisnika</User_Requested>
		<View>Pogled</View>
		<View_Function>Prikaz funkcije</View_Function>
		<Views_Read_Only>Prikazi su samo za čitanje i ne mogu se uređivati</Views_Read_Only>
		<WMU>Wiki Markup</WMU>
	</Language>
</root>