<?xml version="1.0" encoding="UTF-8" standalone="yes"?>
<root>
	<Language>
		<About>Ról ről</About>
		<Access_Denied>Hozzáférés megtagadva</Access_Denied>
		<App>Alkalmazás</App>
		<Application>App</Application>
		<Asc>növekvő</Asc>
		<Auto_Log>Automatikus naplózás</Auto_Log>
		<Browse>Böngésszen</Browse>
		<CMD_Tooltip>Testreszabott SQL utasítás utasításokat hajt végre az adatbázisba</CMD_Tooltip>
		<CSV>CSV</CSV>
		<Check_Log>Hiba: Kérjük, ellenőrizze a naplót a részletekért</Check_Log>
		<Check_for_Updates>Frissítések keresése</Check_for_Updates>
		<Close_TW>Bezár TW</Close_TW>
		<Close_wo_saving>Bezárás mentés nélkül</Close_wo_saving>
		<Command>Parancs</Command>
		<Converter>Converter</Converter>
		<Create_Statistics_Page>Statisztikai oldal létrehozása</Create_Statistics_Page>
		<Critical_Fault_Error>Kritikus hiba hiba</Critical_Fault_Error>
		<Dataview_Error>Az Adatbázis vagy a Dataview nem létezik, vagy még nincs betöltve</Dataview_Error>
		<Debug>Debug</Debug>
		<Define_New_Table>Új táblázat definiálása</Define_New_Table>
		<Deliminator>Deliminator</Deliminator>
		<Desc>csökkenő</Desc>
		<Developer>Fejlesztő</Developer>
		<Display_Settings>Megjelenítési beállítások</Display_Settings>
		<Download_Update>Frissítés letöltése</Download_Update>
		<Edit>szerkesztése</Edit>
		<Error>Hiba</Error>
		<Error_Generic>Ó, semmi baj nem történt! :(</Error_Generic>
		<Error_No_DB>Hiba: Nincs adatbázis betöltve</Error_No_DB>
		<Export>Export</Export>
		<Export_CSV>EXPORT CSV BEHALF</Export_CSV>
		<Export_HTML_Data>A HTML DATA exportálása a</Export_HTML_Data>
		<Export_HTML_Schema>HTML SCHEMA exportálása a</Export_HTML_Schema>
		<Export_SQL_SCHEMA>Export SQL - SCHEMA - A</Export_SQL_SCHEMA>
		<Export_SQL_SQL>SQL - SQL exportálása -</Export_SQL_SQL>
		<Export_UI>Export felhasználói felület</Export_UI>
		<Export_XML>EXPORT XML A BEHALF</Export_XML>
		<Extensions>Extensions</Extensions>
		<Failed>nem sikerült</Failed>
		<Failed_Load_Online_EULA>Az online EULA betöltése sikertelen</Failed_Load_Online_EULA>
		<Failed_Save_Settings>Nem sikerült menteni a beállításokat</Failed_Save_Settings>
		<File>fájl</File>
		<Functions>Funkciók</Functions>
		<HTML>HTML</HTML>
		<HTML_to_CSV>HTML a CSV-be</HTML_to_CSV>
		<Help>Segítség</Help>
		<Import>import</Import>
		<Import_Completed>Befejezett importálás</Import_Completed>
		<Import_SQL>SQL importálása</Import_SQL>
		<Importer>Importőr</Importer>
		<Index>Index</Index>
		<Invert>Invert</Invert>
		<JSON>JSON</JSON>
		<LOG_CSV_Path>Csevegjen a CSV útvonalon</LOG_CSV_Path>
		<LOG_DB_PATH>Log DatabasePath</LOG_DB_PATH>
		<Language>Nyelv</Language>
		<Listview_Height>Listamagasság</Listview_Height>
		<Listview_Width>Lista szélesség</Listview_Width>
		<MD>Árleszállítás</MD>
		<Master_Table>Mester táblázat</Master_Table>
		<Master_Table_Protected>A Sqlite_mastertable vagy a "Master Table" egy védett táblázat. A db integritásának védelme érdekében nem szerkesztheti ezt a táblázatot</Master_Table_Protected>
		<New>Új</New>
		<New_in_Memory_Db>Új a memória adatbázisban</New_in_Memory_Db>
		<NoUpdates>Nincs frissítés</NoUpdates>
		<No_Updates>Nincsenek frissítések</No_Updates>
		<Not_Supported>Nem támogatott</Not_Supported>
		<Open>Nyisd ki</Open>
		<Opened>Nyitott</Opened>
		<PRGM_Start>A program indult</PRGM_Start>
		<PXML>XML</PXML>
		<Plugin>Csatlakoztat</Plugin>
		<Query>kérdés</Query>
		<Query_Error>Lekérdezési hiba</Query_Error>
		<Refresh_Schema>Frissítési séma</Refresh_Schema>
		<Run_Function>Run funkció</Run_Function>
		<SCHEMA_PRIVATE>Séma MAGÁN</SCHEMA_PRIVATE>
		<SQL>SQL</SQL>
		<Save>Mentés</Save>
		<Save_and_Close>Mentés és bezárás</Save_and_Close>
		<Search>Keresés</Search>
		<Search_Settings>Keresési beállítások</Search_Settings>
		<Search_in>Keresés</Search_in>
		<Settings>Beállítások</Settings>
		<Settings_Editor>Beállítások szerkesztő</Settings_Editor>
		<Show_Help>Súgó megjelenítése</Show_Help>
		<Sort>Fajta</Sort>
		<Sort_by>Sorrend</Sort_by>
		<Stack_Trace>Stack Trace</Stack_Trace>
		<Statistics_Page>Statisztikai oldal</Statistics_Page>
		<Strict_Search>Szigorú keresés</Strict_Search>
		<Success>Siker</Success>
		<System>Rendszer</System>
		<Table>asztal</Table>
		<Toggle_Debug>Tiltás a hibakereséshez</Toggle_Debug>
		<Toggle_Transaction_Log>Tranzakciónapló váltása</Toggle_Transaction_Log>
		<Transaction_DB_Path>Tranzakciós adatbázis elérési útja</Transaction_DB_Path>
		<UI>UI</UI>
		<User_Requested>A megkérdezett felhasználó</User_Requested>
		<View>Kilátás</View>
		<View_Function>Funkció megtekintése</View_Function>
		<Views_Read_Only>A nézetek csak olvashatóak és nem szerkeszthetők</Views_Read_Only>
		<WMU>Wiki Markup</WMU>
	</Language>
</root>