<?xml version="1.0" encoding="UTF-8" standalone="yes"?>
<root>
	<Language>
		<About>Tentang</About>
		<Access_Denied>Akses ditolak</Access_Denied>
		<App>Aplikasi</App>
		<Application>Aplikasi</Application>
		<Asc>Menaik</Asc>
		<Auto_Log>Log Otomatis</Auto_Log>
		<Browse>Jelajahi</Browse>
		<CMD_Tooltip>Jalankan perintah perintah SQL yang disesuaikan ke database</CMD_Tooltip>
		<CSV>CSV</CSV>
		<Check_Log>Kesalahan: Harap periksa log untuk rinciannya</Check_Log>
		<Check_for_Updates>Periksa pembaruan</Check_for_Updates>
		<Close_TW>Tutup TW</Close_TW>
		<Close_wo_saving>Tutup tanpa Menyimpan</Close_wo_saving>
		<Command>Perintah</Command>
		<Converter>Konverter</Converter>
		<Create_Statistics_Page>Buat Halaman Statistik</Create_Statistics_Page>
		<Critical_Fault_Error>Kesalahan Fault Kritis</Critical_Fault_Error>
		<Dataview_Error>Database atau Dataview tidak ada atau belum dimuat</Dataview_Error>
		<Debug>Debug</Debug>
		<Define_New_Table>Tentukan Tabel Baru</Define_New_Table>
		<Deliminator>Deliminator</Deliminator>
		<Desc>Descending</Desc>
		<Developer>Pengembang</Developer>
		<Display_Settings>Pengaturan tampilan</Display_Settings>
		<Download_Update>Download Update</Download_Update>
		<Edit>Edit</Edit>
		<Error>Kesalahan</Error>
		<Error_Generic>Oh tidak ada yang salah! :(</Error_Generic>
		<Error_No_DB>Kesalahan: Tidak ada Database yang dimuat</Error_No_DB>
		<Export>Ekspor</Export>
		<Export_CSV>CSV EKSPOR PADA BEHALF OF</Export_CSV>
		<Export_HTML_Data>Ekspor DATA HTML atas nama</Export_HTML_Data>
		<Export_HTML_Schema>Ekspor HTML SCHEMA atas nama</Export_HTML_Schema>
		<Export_SQL_SCHEMA>Ekspor SQL - SCHEMA - Atas nama</Export_SQL_SCHEMA>
		<Export_SQL_SQL>Ekspor SQL - SQL - Atas nama</Export_SQL_SQL>
		<Export_UI>Ekspor UI</Export_UI>
		<Export_XML>EKSPOR XML PADA BEHALF OF</Export_XML>
		<Extensions>Ekstensi</Extensions>
		<Failed>Gagal</Failed>
		<Failed_Load_Online_EULA>Gagal memuat EULA online</Failed_Load_Online_EULA>
		<Failed_Save_Settings>Gagal Menyimpan Setelan</Failed_Save_Settings>
		<File>Mengajukan</File>
		<Functions>Fungsi</Functions>
		<HTML>HTML</HTML>
		<HTML_to_CSV>HTML ke CSV</HTML_to_CSV>
		<Help>Membantu</Help>
		<Import>Impor</Import>
		<Import_Completed>Impor Selesai</Import_Completed>
		<Import_SQL>Impor SQL</Import_SQL>
		<Importer>Pengimpor</Importer>
		<Index>Indeks</Index>
		<Invert>Membalikkan</Invert>
		<JSON>JSON</JSON>
		<LOG_CSV_Path>Jalur CSV Masuk</LOG_CSV_Path>
		<LOG_DB_PATH>Log DatabasePath</LOG_DB_PATH>
		<Language>Bahasa</Language>
		<Listview_Height>Listview Tinggi</Listview_Height>
		<Listview_Width>Lebar Listview</Listview_Width>
		<MD>Penurunan harga</MD>
		<Master_Table>Meja master</Master_Table>
		<Master_Table_Protected>Sqlite_mastertable atau 'Master Table' adalah tabel yang dilindungi. Untuk melindungi integritas db Anda tidak dapat mengedit tabel ini</Master_Table_Protected>
		<New>Baru</New>
		<New_in_Memory_Db>Baru di Memory Database</New_in_Memory_Db>
		<NoUpdates>Tidak ada update</NoUpdates>
		<No_Updates>Tidak ada update yang tersedia</No_Updates>
		<Not_Supported>Tidak didukung</Not_Supported>
		<Open>Buka</Open>
		<Opened>Dibuka</Opened>
		<PRGM_Start>Program dimulai</PRGM_Start>
		<PXML>XML</PXML>
		<Plugin>Plugin</Plugin>
		<Query>Pertanyaan</Query>
		<Query_Error>Kesalahan kueri</Query_Error>
		<Refresh_Schema>Refresh Skema</Refresh_Schema>
		<Run_Function>Jalankan Fungsi</Run_Function>
		<SCHEMA_PRIVATE>Skema PRIBADI</SCHEMA_PRIVATE>
		<SQL>SQL</SQL>
		<Save>Menyimpan</Save>
		<Save_and_Close>Simpan dan tutup</Save_and_Close>
		<Search>Pencarian</Search>
		<Search_Settings>Pengaturan Pencarian</Search_Settings>
		<Search_in>Mencari</Search_in>
		<Settings>Pengaturan</Settings>
		<Settings_Editor>Pengaturan Editor</Settings_Editor>
		<Show_Help>Tampilkan Bantuan</Show_Help>
		<Sort>Menyortir</Sort>
		<Sort_by>Sortir dengan</Sort_by>
		<Stack_Trace>Stack Trace</Stack_Trace>
		<Statistics_Page>Statistik</Statistics_Page>
		<Strict_Search>Pencarian yang ketat</Strict_Search>
		<Success>Keberhasilan</Success>
		<System>Sistem</System>
		<Table>Meja</Table>
		<Toggle_Debug>Toggle Debug</Toggle_Debug>
		<Toggle_Transaction_Log>Toggle Transaction Log</Toggle_Transaction_Log>
		<Transaction_DB_Path>Jalur Database Transaksi</Transaction_DB_Path>
		<UI>UI</UI>
		<User_Requested>Permintaan pengguna</User_Requested>
		<View>Melihat</View>
		<View_Function>Lihat Fungsi</View_Function>
		<Views_Read_Only>Tampilan hanya dibaca dan tidak bisa diedit</Views_Read_Only>
		<WMU>Wiki MarkUp</WMU>
	</Language>
</root>