<?xml version="1.0" encoding="UTF-8" standalone="yes"?>
<root>
	<Language>
		<About>Um</About>
		<Access_Denied>Aðgangur hafnað</Access_Denied>
		<App>Umsókn</App>
		<Application>App</Application>
		<Asc>Hækkandi</Asc>
		<Auto_Log>Sjálfvirk skrá</Auto_Log>
		<Browse>Skoða</Browse>
		<CMD_Tooltip>Framkvæmir sérsniðnar SQL stjórn yfirlýsingar í gagnagrunninum</CMD_Tooltip>
		<CSV>CSV</CSV>
		<Check_Log>Villa: Vinsamlegast athugaðu skráðu þig inn til að fá nánari upplýsingar</Check_Log>
		<Check_for_Updates>Athugaðu með uppfærslur</Check_for_Updates>
		<Close_TW>Loka TW</Close_TW>
		<Close_wo_saving>Lokaðu án þess að vista</Close_wo_saving>
		<Command>Stjórn</Command>
		<Converter>Breytir</Converter>
		<Create_Statistics_Page>Búðu til tölfræðissíðu</Create_Statistics_Page>
		<Critical_Fault_Error>Critical Fault Villa</Critical_Fault_Error>
		<Dataview_Error>Gagnagrunnurinn eða Dataview er ekki til eða hefur ekki verið hlaðið inn ennþá</Dataview_Error>
		<Debug>Kemba</Debug>
		<Define_New_Table>Skilgreina nýja töflu</Define_New_Table>
		<Deliminator>Takmarka</Deliminator>
		<Desc>Descending</Desc>
		<Developer>Hönnuður</Developer>
		<Display_Settings>Sýna stillingar</Display_Settings>
		<Download_Update>Sækja uppfærslu</Download_Update>
		<Edit>Breyta</Edit>
		<Error>Villa</Error>
		<Error_Generic>Ó nei eitthvað fór úrskeiðis! :(</Error_Generic>
		<Error_No_DB>Villa: Engin gagnasafn hefur verið hlaðið inn</Error_No_DB>
		<Export>Útflutningur</Export>
		<Export_CSV>Útflutningur</Export_CSV>
		<Export_HTML_Data>Flytja HTML DATA fyrir hönd</Export_HTML_Data>
		<Export_HTML_Schema>Flytja HTML SCHEMA fyrir hönd</Export_HTML_Schema>
		<Export_SQL_SCHEMA>Flytja út SQL - SCHEMA - Fyrir hönd</Export_SQL_SCHEMA>
		<Export_SQL_SQL>Flytja út SQL - SQL - Fyrir hönd</Export_SQL_SQL>
		<Export_UI>Flytja út UI</Export_UI>
		<Export_XML>ÚTFLUTNING XML Á VINNI</Export_XML>
		<Extensions>Eftirnafn</Extensions>
		<Failed>Mistókst</Failed>
		<Failed_Load_Online_EULA>Mistókst að hlaða á netinu ESB</Failed_Load_Online_EULA>
		<Failed_Save_Settings>Mistókst að vista stillingarnar</Failed_Save_Settings>
		<File>Skrá</File>
		<Functions>Aðgerðir</Functions>
		<HTML>HTML</HTML>
		<HTML_to_CSV>HTML til CSV</HTML_to_CSV>
		<Help>Hjálp</Help>
		<Import>Flytja inn</Import>
		<Import_Completed>Innflutningur lokið</Import_Completed>
		<Import_SQL>Flytja inn SQL</Import_SQL>
		<Importer>Innflytjandi</Importer>
		<Index>Index</Index>
		<Invert>Snúa sér inn</Invert>
		<JSON>JSON</JSON>
		<LOG_CSV_Path>Skráðu CSV slóðina</LOG_CSV_Path>
		<LOG_DB_PATH>Log DatabasePath</LOG_DB_PATH>
		<Language>Tungumál</Language>
		<Listview_Height>Listview Hæð</Listview_Height>
		<Listview_Width>Listview Breidd</Listview_Width>
		<MD>MarkDown</MD>
		<Master_Table>Master borð</Master_Table>
		<Master_Table_Protected>Sqlite_mastertable eða 'Master Table' er verndað borð. Til að vernda heilleika db getur þú ekki breytt þessari töflu</Master_Table_Protected>
		<New>Nýtt</New>
		<New_in_Memory_Db>Nýtt í Memory Database</New_in_Memory_Db>
		<NoUpdates>Engar uppfærslur</NoUpdates>
		<No_Updates>Það eru engar uppfærslur tiltækar</No_Updates>
		<Not_Supported>Ekki stutt</Not_Supported>
		<Open>Opna</Open>
		<Opened>Opnað</Opened>
		<PRGM_Start>Program byrjað</PRGM_Start>
		<PXML>XML</PXML>
		<Plugin>Stinga inn</Plugin>
		<Query>Fyrirspurn</Query>
		<Query_Error>Fyrirspurnar Villa</Query_Error>
		<Refresh_Schema>Uppfæra áætlun</Refresh_Schema>
		<Run_Function>Hlaupa virka</Run_Function>
		<SCHEMA_PRIVATE>SCHEMA-PRIVATE</SCHEMA_PRIVATE>
		<SQL>SQL</SQL>
		<Save>Vista</Save>
		<Save_and_Close>Vista og loka</Save_and_Close>
		<Search>Leita</Search>
		<Search_Settings>Leitarstillingar</Search_Settings>
		<Search_in>Leita í</Search_in>
		<Settings>Stillingar</Settings>
		<Settings_Editor>Stillingar ritstjóri</Settings_Editor>
		<Show_Help>Sýna hjálp</Show_Help>
		<Sort>Raða</Sort>
		<Sort_by>Raða eftir</Sort_by>
		<Stack_Trace>Stack Trace</Stack_Trace>
		<Statistics_Page>Tölfræði Síða</Statistics_Page>
		<Strict_Search>Strangt leit</Strict_Search>
		<Success>Árangur</Success>
		<System>Kerfi</System>
		<Table>Tafla</Table>
		<Toggle_Debug>Skipta um villu</Toggle_Debug>
		<Toggle_Transaction_Log>Skiptu um viðskiptaskrá</Toggle_Transaction_Log>
		<Transaction_DB_Path>Gagnasafnsleiðsla</Transaction_DB_Path>
		<UI>HÍ</UI>
		<User_Requested>Notandi óskað</User_Requested>
		<View>Útsýni</View>
		<View_Function>Skoða virka</View_Function>
		<Views_Read_Only>Skoðanir eru readonly og ekki hægt að breyta</Views_Read_Only>
		<WMU>Wiki MarkUp</WMU>
	</Language>
</root>