<?xml version="1.0" encoding="UTF-8" standalone="yes"?>
<root>
	<Language>
		<About>Di</About>
		<Access_Denied>Accesso negato</Access_Denied>
		<App>Applicazione</App>
		<Application>App</Application>
		<Asc>Ascendente</Asc>
		<Auto_Log>Registro automatico</Auto_Log>
		<Browse>Navigare</Browse>
		<CMD_Tooltip>Esegue le istruzioni di comando SQL personalizzate nel database</CMD_Tooltip>
		<CSV>CSV</CSV>
		<Check_Log>Errore: Controllare il registro per i dettagli</Check_Log>
		<Check_for_Updates>Controlla gli aggiornamenti</Check_for_Updates>
		<Close_TW>Chiudi TW</Close_TW>
		<Close_wo_saving>Chiudi senza salvataggio</Close_wo_saving>
		<Command>Comando</Command>
		<Converter>Converter</Converter>
		<Create_Statistics_Page>Crea pagina statistica</Create_Statistics_Page>
		<Critical_Fault_Error>Errore di errore critico</Critical_Fault_Error>
		<Dataview_Error>Il database o Dataview non esiste o non è ancora stato caricato</Dataview_Error>
		<Debug>mettere a punto</Debug>
		<Define_New_Table>Definire una nuova tabella</Define_New_Table>
		<Deliminator>Deliminator</Deliminator>
		<Desc>Discendente</Desc>
		<Developer>Sviluppatore</Developer>
		<Display_Settings>Impostazioni di visualizzazione</Display_Settings>
		<Download_Update>Scarica l'aggiornamento</Download_Update>
		<Edit>Modifica</Edit>
		<Error>Errore</Error>
		<Error_Generic>Oh, niente è andato storto! :(</Error_Generic>
		<Error_No_DB>Errore: nessun database è stato caricato</Error_No_DB>
		<Export>Esportare</Export>
		<Export_CSV>ESPORTAZIONE CSV SUL COMPLETO DI</Export_CSV>
		<Export_HTML_Data>Esporta i dati HTML in nome di</Export_HTML_Data>
		<Export_HTML_Schema>Esporta HTML SCHEMA per conto di</Export_HTML_Schema>
		<Export_SQL_SCHEMA>Esportazione di SQL - SCHEMA - Per conto di</Export_SQL_SCHEMA>
		<Export_SQL_SQL>Esporta SQL - SQL - Per conto di</Export_SQL_SQL>
		<Export_UI>UI di esportazione</Export_UI>
		<Export_XML>ESPORTAZIONE XML IN BASE DI</Export_XML>
		<Extensions>estensioni</Extensions>
		<Failed>fallito</Failed>
		<Failed_Load_Online_EULA>Impossibile caricare l'EULA online</Failed_Load_Online_EULA>
		<Failed_Save_Settings>Impossibile salvare le impostazioni</Failed_Save_Settings>
		<File>File</File>
		<Functions>funzioni</Functions>
		<HTML>HTML</HTML>
		<HTML_to_CSV>HTML a CSV</HTML_to_CSV>
		<Help>Aiuto</Help>
		<Import>Importare</Import>
		<Import_Completed>Importazione completata</Import_Completed>
		<Import_SQL>Importa SQL</Import_SQL>
		<Importer>Importatore</Importer>
		<Index>Indice</Index>
		<Invert>Invertire</Invert>
		<JSON>JSON</JSON>
		<LOG_CSV_Path>Log percorso CSV</LOG_CSV_Path>
		<LOG_DB_PATH>Log DatabasePath</LOG_DB_PATH>
		<Language>Lingua</Language>
		<Listview_Height>ListView Height</Listview_Height>
		<Listview_Width>Larghezza di listview</Listview_Width>
		<MD>MarkDown</MD>
		<Master_Table>Tabella Master</Master_Table>
		<Master_Table_Protected>Sqlite_mastertable o 'Master Table' è una tabella protetta. Per proteggere l'integrità del db non è possibile modificare questa tabella</Master_Table_Protected>
		<New>Nuovo</New>
		<New_in_Memory_Db>Nuovo nel database di memoria</New_in_Memory_Db>
		<NoUpdates>Nessun aggiornamento</NoUpdates>
		<No_Updates>Non ci sono aggiornamenti disponibili</No_Updates>
		<Not_Supported>Non supportato</Not_Supported>
		<Open>Aperto</Open>
		<Opened>Ha aperto</Opened>
		<PRGM_Start>Programma iniziato</PRGM_Start>
		<PXML>XML</PXML>
		<Plugin>Collegare</Plugin>
		<Query>domanda</Query>
		<Query_Error>Errore di query</Query_Error>
		<Refresh_Schema>Schema di aggiornamento</Refresh_Schema>
		<Run_Function>Run Funzione</Run_Function>
		<SCHEMA_PRIVATE>SCHEMA-PRIVATO</SCHEMA_PRIVATE>
		<SQL>SQL</SQL>
		<Save>Salvare</Save>
		<Save_and_Close>Salva e chiudi</Save_and_Close>
		<Search>Ricerca</Search>
		<Search_Settings>Cerca i settaggi</Search_Settings>
		<Search_in>Cerca nel</Search_in>
		<Settings>impostazioni</Settings>
		<Settings_Editor>Editor delle impostazioni</Settings_Editor>
		<Show_Help>Mostra aiuto</Show_Help>
		<Sort>Ordinare</Sort>
		<Sort_by>Ordina per</Sort_by>
		<Stack_Trace>Stack Trace</Stack_Trace>
		<Statistics_Page>Pagina statistica</Statistics_Page>
		<Strict_Search>Ricerca rigorosa</Strict_Search>
		<Success>Successo</Success>
		<System>Sistema</System>
		<Table>tavolo</Table>
		<Toggle_Debug>Toggle debug</Toggle_Debug>
		<Toggle_Transaction_Log>Toggle il log di transazioni</Toggle_Transaction_Log>
		<Transaction_DB_Path>Percorso database transazioni</Transaction_DB_Path>
		<UI>UI</UI>
		<User_Requested>Utente richiesto</User_Requested>
		<View>vista</View>
		<View_Function>Funzione di visualizzazione</View_Function>
		<Views_Read_Only>Le visualizzazioni sono di sola lettura e non possono essere modificate</Views_Read_Only>
		<WMU>Wiki MarkUp</WMU>
	</Language>
</root>