<?xml version="1.0" encoding="UTF-8" standalone="yes"?>
<root>
	<Language>
		<About>約</About>
		<Access_Denied>アクセス拒否</Access_Denied>
		<App>応用</App>
		<Application>アプリ</Application>
		<Asc>上昇</Asc>
		<Auto_Log>自動ログ</Auto_Log>
		<Browse>ブラウズ</Browse>
		<CMD_Tooltip>カスタマイズされたSQLコマンド文をデータベースに実行します。</CMD_Tooltip>
		<CSV>CSV</CSV>
		<Check_Log>エラー：ログで詳細を確認してください</Check_Log>
		<Check_for_Updates>アップデートを確認</Check_for_Updates>
		<Close_TW>TWを閉じる</Close_TW>
		<Close_wo_saving>保存せずに閉じる</Close_wo_saving>
		<Command>コマンド</Command>
		<Converter>コンバータ</Converter>
		<Create_Statistics_Page>統計ページの作成</Create_Statistics_Page>
		<Critical_Fault_Error>クリティカルフォルトエラー</Critical_Fault_Error>
		<Dataview_Error>データベースまたはDataviewが存在しないか、まだロードされていません</Dataview_Error>
		<Debug>デバッグ</Debug>
		<Define_New_Table>新しいテーブルを定義する</Define_New_Table>
		<Deliminator>デリミネータ</Deliminator>
		<Desc>降順</Desc>
		<Developer>開発者</Developer>
		<Display_Settings>ディスプレイの設定</Display_Settings>
		<Download_Update>アップデートをダウンロード</Download_Update>
		<Edit>編集</Edit>
		<Error>エラー</Error>
		<Error_Generic>・・、何かが間違っていた！ :(</Error_Generic>
		<Error_No_DB>エラー：データベースがロードされていません</Error_No_DB>
		<Export>輸出する</Export>
		<Export_CSV>のCSVをエクスポート</Export_CSV>
		<Export_HTML_Data>HTMLデータをエクスポートする</Export_HTML_Data>
		<Export_HTML_Schema>HTML SCHEMAをエクスポートする</Export_HTML_Schema>
		<Export_SQL_SCHEMA>SQLのエクスポート -  SCHEMA  - の代わりに</Export_SQL_SCHEMA>
		<Export_SQL_SQL>SQLのエクスポート -  SQL  - の代わりに</Export_SQL_SQL>
		<Export_UI>エクスポートUI</Export_UI>
		<Export_XML>XMLをエクスポートする</Export_XML>
		<Extensions>拡張機能</Extensions>
		<Failed>失敗</Failed>
		<Failed_Load_Online_EULA>オンラインでのEULAの読み込みに失敗しました</Failed_Load_Online_EULA>
		<Failed_Save_Settings>設定を保存できませんでした</Failed_Save_Settings>
		<File>ファイル</File>
		<Functions>機能</Functions>
		<HTML>HTML</HTML>
		<HTML_to_CSV>HTMLからCSVへ</HTML_to_CSV>
		<Help>助けて</Help>
		<Import>インポート</Import>
		<Import_Completed>インポートが完了しました</Import_Completed>
		<Import_SQL>SQLのインポート</Import_SQL>
		<Importer>輸入業者</Importer>
		<Index>インデックス</Index>
		<Invert>反転</Invert>
		<JSON>JSON</JSON>
		<LOG_CSV_Path>ログCSVパス</LOG_CSV_Path>
		<LOG_DB_PATH>ログDatabasePath</LOG_DB_PATH>
		<Language>言語</Language>
		<Listview_Height>リストビューの高さ</Listview_Height>
		<Listview_Width>リストビューの幅</Listview_Width>
		<MD>MarkDown</MD>
		<Master_Table>マスターテーブル</Master_Table>
		<Master_Table_Protected>Sqlite_mastertableまたは 'マスターテーブル'は保護されたテーブルです。データベースの整合性を保護するために、このテーブルを編集することはできません</Master_Table_Protected>
		<New>新しい</New>
		<New_in_Memory_Db>メモリデータベースの新機能</New_in_Memory_Db>
		<NoUpdates>アップデートなし</NoUpdates>
		<No_Updates>利用可能な更新は・りません</No_Updates>
		<Not_Supported>サポートされていません</Not_Supported>
		<Open>開いた</Open>
		<Opened>開かれた</Opened>
		<PRGM_Start>プログラム開始</PRGM_Start>
		<PXML>XML</PXML>
		<Plugin>プラグイン</Plugin>
		<Query>クエリ</Query>
		<Query_Error>クエリエラー</Query_Error>
		<Refresh_Schema>スキーマのリフレッシュ</Refresh_Schema>
		<Run_Function>機能を実行する</Run_Function>
		<SCHEMA_PRIVATE>SCHEMA-PRIVATE</SCHEMA_PRIVATE>
		<SQL>SQL</SQL>
		<Save>セーブ</Save>
		<Save_and_Close>保存して閉じます</Save_and_Close>
		<Search>サーチ</Search>
		<Search_Settings>検索設定</Search_Settings>
		<Search_in>検索</Search_in>
		<Settings>設定</Settings>
		<Settings_Editor>設定エディタ</Settings_Editor>
		<Show_Help>ヘルプを表示</Show_Help>
		<Sort>ソート</Sort>
		<Sort_by>並び替え</Sort_by>
		<Stack_Trace>スタックトレース</Stack_Trace>
		<Statistics_Page>統計ページ</Statistics_Page>
		<Strict_Search>厳密な検索</Strict_Search>
		<Success>成功</Success>
		<System>システム</System>
		<Table>表</Table>
		<Toggle_Debug>デバッグのトグル</Toggle_Debug>
		<Toggle_Transaction_Log>トランザクションログの切り替え</Toggle_Transaction_Log>
		<Transaction_DB_Path>トランザクションデータベースパス</Transaction_DB_Path>
		<UI>UI</UI>
		<User_Requested>要求されたユーザー</User_Requested>
		<View>ビュー</View>
		<View_Function>ビュー機能</View_Function>
		<Views_Read_Only>ビューは読み取り専用で編集できません</Views_Read_Only>
		<WMU>Wikiマークアップ</WMU>
	</Language>
</root>