<?xml version="1.0" encoding="UTF-8" standalone="yes"?>
<root>
	<Language>
		<About>약</About>
		<Access_Denied>접근 거부</Access_Denied>
		<App>신청</App>
		<Application>앱</Application>
		<Asc>오름차순</Asc>
		<Auto_Log>자동 로그</Auto_Log>
		<Browse>검색</Browse>
		<CMD_Tooltip>사용자 지정된 SQL 명령문을 데이터베이스에 실행합니다.</CMD_Tooltip>
		<CSV>CSV</CSV>
		<Check_Log>오류 : 자세한 내용은 로그를 확인하십시오.</Check_Log>
		<Check_for_Updates>업데이트 확인</Check_for_Updates>
		<Close_TW>TW 닫기</Close_TW>
		<Close_wo_saving>저장하지 않고 닫기</Close_wo_saving>
		<Command>명령</Command>
		<Converter>변환기</Converter>
		<Create_Statistics_Page>통계 페이지 생성</Create_Statistics_Page>
		<Critical_Fault_Error>중대한 오류 오류</Critical_Fault_Error>
		<Dataview_Error>데이터베이스 또는 Dataview가 없거나 아직로드되지 않았습니다.</Dataview_Error>
		<Debug>디버그</Debug>
		<Define_New_Table>새 테이블 정의</Define_New_Table>
		<Deliminator>제거기</Deliminator>
		<Desc>내림차순</Desc>
		<Developer>개발자</Developer>
		<Display_Settings>화면 설정</Display_Settings>
		<Download_Update>다운로드 업데이트</Download_Update>
		<Edit>편집하다</Edit>
		<Error>오류</Error>
		<Error_Generic>오, 뭔가 잘못 됐어! :(</Error_Generic>
		<Error_No_DB>오류 : 데이터베이스가로드되지 않았습니다.</Error_No_DB>
		<Export>수출</Export>
		<Export_CSV>다음을 대표하여 CSV 내보내기</Export_CSV>
		<Export_HTML_Data>대신 HTML 데이터 내보내기</Export_HTML_Data>
		<Export_HTML_Schema>를 대신하여 HTML SCHEMA 내보내기</Export_HTML_Schema>
		<Export_SQL_SCHEMA>SQL 내보내기 - SCHEMA - 대신</Export_SQL_SCHEMA>
		<Export_SQL_SQL>SQL 내보내기 - SQL -를 대신하여</Export_SQL_SQL>
		<Export_UI>UI 내보내기</Export_UI>
		<Export_XML>다음을 대표하여 XML 내보내기</Export_XML>
		<Extensions>확장 프로그램</Extensions>
		<Failed>실패한</Failed>
		<Failed_Load_Online_EULA>온라인 EULA를로드하지 못했습니다.</Failed_Load_Online_EULA>
		<Failed_Save_Settings>설정을 저장하지 못했습니다.</Failed_Save_Settings>
		<File>파일</File>
		<Functions>기능들</Functions>
		<HTML>HTML</HTML>
		<HTML_to_CSV>HTML에서 CSV로</HTML_to_CSV>
		<Help>도움</Help>
		<Import>수입</Import>
		<Import_Completed>가져 오기 완료 됨</Import_Completed>
		<Import_SQL>SQL 가져 오기</Import_SQL>
		<Importer>수입자</Importer>
		<Index>색인</Index>
		<Invert>거꾸로 하다</Invert>
		<JSON>JSON</JSON>
		<LOG_CSV_Path>CSV 경로 기록</LOG_CSV_Path>
		<LOG_DB_PATH>DatabasePath 로그</LOG_DB_PATH>
		<Language>언어</Language>
		<Listview_Height>목록 뷰 높이</Listview_Height>
		<Listview_Width>목록보기 너비</Listview_Width>
		<MD>가격 인하</MD>
		<Master_Table>마스터 테이블</Master_Table>
		<Master_Table_Protected>Sqlite_mastertable 또는 '마스터 테이블'은 보호 된 테이블입니다. 데이터베이스의 무결성을 보호하기 위해이 테이블을 편집 할 수 없습니다.</Master_Table_Protected>
		<New>새로운</New>
		<New_in_Memory_Db>메모리 데이터베이스의 새로운 기능</New_in_Memory_Db>
		<NoUpdates>업데이트 없음</NoUpdates>
		<No_Updates>사용 가능한 업데이트가 없습니다.</No_Updates>
		<Not_Supported>지원되지 않음</Not_Supported>
		<Open>열다</Open>
		<Opened>열린</Opened>
		<PRGM_Start>프로그램 시작</PRGM_Start>
		<PXML>XML</PXML>
		<Plugin>플러그인</Plugin>
		<Query>질문</Query>
		<Query_Error>검색어 오류</Query_Error>
		<Refresh_Schema>스키마 새로 고침</Refresh_Schema>
		<Run_Function>기능 실행</Run_Function>
		<SCHEMA_PRIVATE>SCHEMA-PRIVATE</SCHEMA_PRIVATE>
		<SQL>SQL</SQL>
		<Save>구하다</Save>
		<Save_and_Close>저장 후 닫기</Save_and_Close>
		<Search>수색</Search>
		<Search_Settings>검색 설정</Search_Settings>
		<Search_in>검색 위치</Search_in>
		<Settings>설정</Settings>
		<Settings_Editor>설정 편집기</Settings_Editor>
		<Show_Help>도움말 표시</Show_Help>
		<Sort>종류</Sort>
		<Sort_by>정렬 기준</Sort_by>
		<Stack_Trace>스택 추적</Stack_Trace>
		<Statistics_Page>통계 페이지</Statistics_Page>
		<Strict_Search>엄격한 검색</Strict_Search>
		<Success>성공</Success>
		<System>체계</System>
		<Table>표</Table>
		<Toggle_Debug>디버그 토글</Toggle_Debug>
		<Toggle_Transaction_Log>트랜잭션 로그 토글</Toggle_Transaction_Log>
		<Transaction_DB_Path>트랜잭션 데이터베이스 경로</Transaction_DB_Path>
		<UI>UI</UI>
		<User_Requested>사용자가 요청한</User_Requested>
		<View>전망</View>
		<View_Function>기능보기</View_Function>
		<Views_Read_Only>보기는 읽기 전용이므로 편집 할 수 없습니다.</Views_Read_Only>
		<WMU>위키 마크 업</WMU>
	</Language>
</root>