<?xml version="1.0" encoding="UTF-8" standalone="yes"?>
<root>
	<Language>
		<About>Ji dor</About>
		<Access_Denied>Access denied</Access_Denied>
		<App>Bikaranînî</App>
		<Application>App</Application>
		<Asc>Ascending</Asc>
		<Auto_Log>Auto Log</Auto_Log>
		<Browse>Browse</Browse>
		<CMD_Tooltip>Rêveberiyên îdeolojî yên li gor daneyên danûstandinên SQL-ê vekirî ye</CMD_Tooltip>
		<CSV>CSV</CSV>
		<Check_Log>اewtiya: Ji kerema xwe ji bo agahdariyên têketinê kontrol bikin</Check_Log>
		<Check_for_Updates>Ji bo agahdariyên kontrol bikin</Check_for_Updates>
		<Close_TW>TW</Close_TW>
		<Close_wo_saving>Bêyî Saving</Close_wo_saving>
		<Command>Ferman</Command>
		<Converter>Krona</Converter>
		<Create_Statistics_Page>Statîstîka Rûpelê çêbikin</Create_Statistics_Page>
		<Critical_Fault_Error>اewtiya çewtiyê ya krîtîk</Critical_Fault_Error>
		<Dataview_Error>Databas an Dataviewek tune ye an jî nehatiye barkirin</Dataview_Error>
		<Debug>Debug</Debug>
		<Define_New_Table>Hilbijartin New Table</Define_New_Table>
		<Deliminator>Deliminator</Deliminator>
		<Desc>Berbiçav</Desc>
		<Developer>Developer</Developer>
		<Display_Settings>Settings Settings</Display_Settings>
		<Download_Update>Daxuyaniya Daxistinê</Download_Update>
		<Edit>Wesandin</Edit>
		<Error>Sasî</Error>
		<Error_Generic>Yê ku tistek çewt derketiye! :(</Error_Generic>
		<Error_No_DB>اewtiya: Dabes nehatiye barkirin</Error_No_DB>
		<Export>Eksport</Export>
		<Export_CSV>BERSخVEK BIXWخNE BERSخVEK</Export_CSV>
		<Export_HTML_Data>Bi HTML-DATA ve li ser navê xwe hilbijêre</Export_HTML_Data>
		<Export_HTML_Schema>Li ser navê HTML SCHEMA Export</Export_HTML_Schema>
		<Export_SQL_SCHEMA>Export SQL - SCHEMA - Bi navê</Export_SQL_SCHEMA>
		<Export_SQL_SQL>Export SQL - SQL - Bi navê</Export_SQL_SQL>
		<Export_UI>UI Export</Export_UI>
		<Export_XML>BIXWخNE BERSخVEK XML</Export_XML>
		<Extensions>Extensions</Extensions>
		<Failed>Têkçûn</Failed>
		<Failed_Load_Online_EULA>Failed to online EULA</Failed_Load_Online_EULA>
		<Failed_Save_Settings>Ji bo Sîstema Guherandinên Failed</Failed_Save_Settings>
		<File>Dosî</File>
		<Functions>Karkerên</Functions>
		<HTML>HTML</HTML>
		<HTML_to_CSV>HTML to CSV</HTML_to_CSV>
		<Help>Alîkarî</Help>
		<Import>Malanîn</Import>
		<Import_Completed>Import Import</Import_Completed>
		<Import_SQL>Import SQL</Import_SQL>
		<Importer>خmportvan</Importer>
		<Index>Naverok</Index>
		<Invert>Veguherînin</Invert>
		<JSON>JSON</JSON>
		<LOG_CSV_Path>CSV Path Log</LOG_CSV_Path>
		<LOG_DB_PATH>Log DatabasePath</LOG_DB_PATH>
		<Language>Ziman</Language>
		<Listview_Height>Listview Height</Listview_Height>
		<Listview_Width>Listview Width</Listview_Width>
		<MD>MarkDown</MD>
		<Master_Table>Mamosteyê</Master_Table>
		<Master_Table_Protected>Sqlite_mastertable an 'Master Table' tabloya parastî ye. Ji bo parastina yekseriya db de hûn nikarin vê tabloyê biguherînin</Master_Table_Protected>
		<New>Nsh</New>
		<New_in_Memory_Db>Nû di Database Database de</New_in_Memory_Db>
		<NoUpdates>No Updates</NoUpdates>
		<No_Updates>Vebijêrk tune</No_Updates>
		<Not_Supported>Ne pistevanîya</Not_Supported>
		<Open>Vekirî</Open>
		<Opened>Vekir</Opened>
		<PRGM_Start>Bernameya destpêkirin</PRGM_Start>
		<PXML>XML</PXML>
		<Plugin>Girêdan</Plugin>
		<Query>Pirs</Query>
		<Query_Error>اewtiya Query</Query_Error>
		<Refresh_Schema>Schema Refresh bike</Refresh_Schema>
		<Run_Function>Performansa Run</Run_Function>
		<SCHEMA_PRIVATE>SCHEMA-PRIVATE</SCHEMA_PRIVATE>
		<SQL>SQL</SQL>
		<Save>Rizgarkirin</Save>
		<Save_and_Close>Save and Close</Save_and_Close>
		<Search>Gerr</Search>
		<Search_Settings>Sîstema lêgerîn</Search_Settings>
		<Search_in>Lêgerîn In</Search_in>
		<Settings>Mîhengên</Settings>
		<Settings_Editor>Mîhengên Sîstema</Settings_Editor>
		<Show_Help>Alîkarî nîsan bide</Show_Help>
		<Sort>Jiberhevxistin</Sort>
		<Sort_by>Bi Sort By</Sort_by>
		<Stack_Trace>Stack Trace</Stack_Trace>
		<Statistics_Page>Rûpelê Statîstîk</Statistics_Page>
		<Strict_Search>Strik Search</Strict_Search>
		<Success>Serketinî</Success>
		<System>Sîstem</System>
		<Table>Mêz</Table>
		<Toggle_Debug>Debug Toggle</Toggle_Debug>
		<Toggle_Transaction_Log>Tîma Transaction Log Toggle</Toggle_Transaction_Log>
		<Transaction_DB_Path>Danûstandinan Database Path</Transaction_DB_Path>
		<UI>UI</UI>
		<User_Requested>Pêdiviya Bikarhêner</User_Requested>
		<View>Dîtinî</View>
		<View_Function>اalakiya View</View_Function>
		<Views_Read_Only>Vê çavkaniyê bixwîne û nikarin guherandinê ne</Views_Read_Only>
		<WMU>Wiki MarkUp</WMU>
	</Language>
</root>