<?xml version="1.0" encoding="UTF-8" standalone="yes"?>
<root>
	<Language>
		<About>Apie</About>
		<Access_Denied>Prieiga uždrausta</Access_Denied>
		<App>Paraiška</App>
		<Application>Programa</Application>
		<Asc>Ascending</Asc>
		<Auto_Log>Automatinis prisijungimas</Auto_Log>
		<Browse>Naršyti</Browse>
		<CMD_Tooltip>Vykdo pritaikytus SQL komandų teiginius į duomenų bazę</CMD_Tooltip>
		<CSV>CSV</CSV>
		<Check_Log>Klaida: žiūrėkite žurnalą</Check_Log>
		<Check_for_Updates>Tikrinti, ar yra atnaujinimų</Check_for_Updates>
		<Close_TW>Uždaryti TW</Close_TW>
		<Close_wo_saving>Uždaryti be taupymo</Close_wo_saving>
		<Command>Komanda</Command>
		<Converter>Konverteris</Converter>
		<Create_Statistics_Page>Sukurkite statistikos puslapį</Create_Statistics_Page>
		<Critical_Fault_Error>Kritinė gedimo klaida</Critical_Fault_Error>
		<Dataview_Error>Duomenų bazė arba "Dataview" neegzistuoja arba dar nebuvo įkelta</Dataview_Error>
		<Debug>Derinti</Debug>
		<Define_New_Table>Nurodykite naują lentelę</Define_New_Table>
		<Deliminator>Deliminator</Deliminator>
		<Desc>Mažėja</Desc>
		<Developer>Programuotojas</Developer>
		<Display_Settings>Ekrano nustatymai</Display_Settings>
		<Download_Update>Atsisiųsti naujinimą</Download_Update>
		<Edit>Redaguoti</Edit>
		<Error>Klaida</Error>
		<Error_Generic>O ne nieko blogo! :(</Error_Generic>
		<Error_No_DB>Klaida: duomenų bazė nebuvo įkelta</Error_No_DB>
		<Export>Eksportas</Export>
		<Export_CSV>EKSPORTO CSV UŽ BEHALF OF</Export_CSV>
		<Export_HTML_Data>Eksportuoti HTML DATA vardu</Export_HTML_Data>
		<Export_HTML_Schema>Eksporto HTML SCHEMA vardu</Export_HTML_Schema>
		<Export_SQL_SCHEMA>Eksportas SQL - SCHEMA - vardu</Export_SQL_SCHEMA>
		<Export_SQL_SQL>Eksportuoti SQL - SQL vardu</Export_SQL_SQL>
		<Export_UI>Eksportuoti vartotojo sąsają</Export_UI>
		<Export_XML>Eksportuoti XML po</Export_XML>
		<Extensions>Plėtiniai</Extensions>
		<Failed>Nepavyko</Failed>
		<Failed_Load_Online_EULA>Nepavyko įkelti EULA internete</Failed_Load_Online_EULA>
		<Failed_Save_Settings>Nepavyko išsaugoti nustatymų</Failed_Save_Settings>
		<File>Failas</File>
		<Functions>Funkcijos</Functions>
		<HTML>HTML</HTML>
		<HTML_to_CSV>HTML į CSV</HTML_to_CSV>
		<Help>Pagalba</Help>
		<Import>Importuoti</Import>
		<Import_Completed>Importuotas baigtas</Import_Completed>
		<Import_SQL>Importuoti SQL</Import_SQL>
		<Importer>Importuotojas</Importer>
		<Index>Indeksas</Index>
		<Invert>Invertuoti</Invert>
		<JSON>JSON</JSON>
		<LOG_CSV_Path>Prisijungti CSV kelias</LOG_CSV_Path>
		<LOG_DB_PATH>Prisijungti DatabasePath</LOG_DB_PATH>
		<Language>Kalba</Language>
		<Listview_Height>Listview Height</Listview_Height>
		<Listview_Width>Listview Plotis</Listview_Width>
		<MD>MarkDown</MD>
		<Master_Table>Pagrindinė lentelė</Master_Table>
		<Master_Table_Protected>Sqlite_mastertable arba "Master Table" yra saugoma lentelė. Kad apsaugotumėte db vientisumą, negalėsite redaguoti šios lentelės</Master_Table_Protected>
		<New>Naujas</New>
		<New_in_Memory_Db>Nauja atminties bazėje</New_in_Memory_Db>
		<NoUpdates>Nėra atnaujinimų</NoUpdates>
		<No_Updates>Nėra jokių atnaujinimų</No_Updates>
		<Not_Supported>Nepalaikomas</Not_Supported>
		<Open>Atviras</Open>
		<Opened>Atidaryta</Opened>
		<PRGM_Start>Programa pradėta</PRGM_Start>
		<PXML>XML</PXML>
		<Plugin>Prijungti</Plugin>
		<Query>Užklausa</Query>
		<Query_Error>Užklausos klaida</Query_Error>
		<Refresh_Schema>Atnaujinti schemą</Refresh_Schema>
		<Run_Function>Paleisti funkciją</Run_Function>
		<SCHEMA_PRIVATE>SCHEMA-PRIVATE</SCHEMA_PRIVATE>
		<SQL>SQL</SQL>
		<Save>Sutaupyti</Save>
		<Save_and_Close>Išsaugoti ir uždaryti</Save_and_Close>
		<Search>Paieška</Search>
		<Search_Settings>Paieškos nustatymai</Search_Settings>
		<Search_in>Ieškoti</Search_in>
		<Settings>Nustatymai</Settings>
		<Settings_Editor>Nustatymų redaktorius</Settings_Editor>
		<Show_Help>Rodyti pagalbą</Show_Help>
		<Sort>Rūšiuoti</Sort>
		<Sort_by>Rūšiuoti pagal</Sort_by>
		<Stack_Trace>Stack Trace</Stack_Trace>
		<Statistics_Page>Statistika puslapis</Statistics_Page>
		<Strict_Search>Griežta paieška</Strict_Search>
		<Success>Sėkmė</Success>
		<System>Sistema</System>
		<Table>Lentelė</Table>
		<Toggle_Debug>Toggle Debug</Toggle_Debug>
		<Toggle_Transaction_Log>Įjunkite operacijų žurnalą</Toggle_Transaction_Log>
		<Transaction_DB_Path>Transakcijos duomenų bazės kelias</Transaction_DB_Path>
		<UI>Vartotojo sąsaja</UI>
		<User_Requested>Prašomas naudotojas</User_Requested>
		<View>Vaizdas</View>
		<View_Function>Peržiūrėti funkciją</View_Function>
		<Views_Read_Only>Vaizdai yra tik skaitomi ir jų negalima redaguoti</Views_Read_Only>
		<WMU>Wiki MarkUp</WMU>
	</Language>
</root>