<?xml version="1.0" encoding="UTF-8" standalone="yes"?>
<root>
	<Language>
		<About>Par</About>
		<Access_Denied>Pieeja noliegta</Access_Denied>
		<App>Pieteikums</App>
		<Application>Lietotne</Application>
		<Asc>Augošā secībā</Asc>
		<Auto_Log>Automātiskais žurnāls</Auto_Log>
		<Browse>Pārlūkot</Browse>
		<CMD_Tooltip>Izpilda pielāgotus SQL komandu paziņojumus datu bāzē</CMD_Tooltip>
		<CSV>CSV</CSV>
		<Check_Log>Kļūda: lūdzu, pārbaudiet žurnālu</Check_Log>
		<Check_for_Updates>Meklēt atjauninājumus</Check_for_Updates>
		<Close_TW>Aizveriet TW</Close_TW>
		<Close_wo_saving>Aizvērt, nesaglabājot</Close_wo_saving>
		<Command>Pavēlniecība</Command>
		<Converter>Pārveidotājs</Converter>
		<Create_Statistics_Page>Izveidot statistikas lapu</Create_Statistics_Page>
		<Critical_Fault_Error>Kritiskās kļūdas kļūda</Critical_Fault_Error>
		<Dataview_Error>Datu bāze vai Dataview nepastāv vai vēl nav ielādēta</Dataview_Error>
		<Debug>Atkļūdošana</Debug>
		<Define_New_Table>Definēt jaunu tabulu</Define_New_Table>
		<Deliminator>Delimināators</Deliminator>
		<Desc>Dilstošā secībā</Desc>
		<Developer>Izstrādātājs</Developer>
		<Display_Settings>Displeja iestatījumi</Display_Settings>
		<Download_Update>Lejupielādēt atjauninājumu</Download_Update>
		<Edit>Rediģēt</Edit>
		<Error>Kļūda</Error>
		<Error_Generic>Ak, nekas nav noticis! :(</Error_Generic>
		<Error_No_DB>Kļūda: neviena datubāze nav ielādēta</Error_No_DB>
		<Export>Eksportēt</Export>
		<Export_CSV>EKSPORTA CSV PĀRBAUDE</Export_CSV>
		<Export_HTML_Data>Eksportējiet HTML DATA vārdā</Export_HTML_Data>
		<Export_HTML_Schema>Eksportēt HTML SCHEMA vārdā</Export_HTML_Schema>
		<Export_SQL_SCHEMA>Eksportēt SQL - SCHEMA - vārdā</Export_SQL_SCHEMA>
		<Export_SQL_SQL>Eksportēt SQL - SQL - vārdā</Export_SQL_SQL>
		<Export_UI>Eksporta lietotāja saskarne</Export_UI>
		<Export_XML>Eksportēt XML par</Export_XML>
		<Extensions>Paplašinājumi</Extensions>
		<Failed>Neizdevās</Failed>
		<Failed_Load_Online_EULA>Neizdevās ielādēt tiešsaistes EULA</Failed_Load_Online_EULA>
		<Failed_Save_Settings>Neizdevās saglabāt iestatījumus</Failed_Save_Settings>
		<File>Fails</File>
		<Functions>Funkcijas</Functions>
		<HTML>HTML</HTML>
		<HTML_to_CSV>HTML CSV formātā</HTML_to_CSV>
		<Help>Palīdzība</Help>
		<Import>Importēt</Import>
		<Import_Completed>Importēšana pabeigta</Import_Completed>
		<Import_SQL>Importēt SQL</Import_SQL>
		<Importer>Importētājs</Importer>
		<Index>Indekss</Index>
		<Invert>Mainīt</Invert>
		<JSON>JSON</JSON>
		<LOG_CSV_Path>Log CSV ceļš</LOG_CSV_Path>
		<LOG_DB_PATH>Log DatabasePath</LOG_DB_PATH>
		<Language>Valoda</Language>
		<Listview_Height>Saraksta augstums</Listview_Height>
		<Listview_Width>Listview Width</Listview_Width>
		<MD>MarkDown</MD>
		<Master_Table>Galvenā tabula</Master_Table>
		<Master_Table_Protected>Sqlite_mastertable vai "Master Table" ir aizsargāta tabula. Lai aizsargātu db integritāti, jūs nevarat rediģēt šo tabulu</Master_Table_Protected>
		<New>Jauns</New>
		<New_in_Memory_Db>Jauns atmiņas datu bāzē</New_in_Memory_Db>
		<NoUpdates>Nav atjauninājumu</NoUpdates>
		<No_Updates>Nav pieejami atjauninājumi</No_Updates>
		<Not_Supported>Nav atbalstīts</Not_Supported>
		<Open>Atvērt</Open>
		<Opened>Atvērts</Opened>
		<PRGM_Start>Programma ir sākusies</PRGM_Start>
		<PXML>XML</PXML>
		<Plugin>Iespraust</Plugin>
		<Query>Vaicājums</Query>
		<Query_Error>Vaicājuma kļūda</Query_Error>
		<Refresh_Schema>Atsvaidzināt shēmu</Refresh_Schema>
		<Run_Function>Palaist funkciju</Run_Function>
		<SCHEMA_PRIVATE>SCHEMA-PRIVATE</SCHEMA_PRIVATE>
		<SQL>SQL</SQL>
		<Save>Saglabājiet</Save>
		<Save_and_Close>Saglabāt un aizvērt</Save_and_Close>
		<Search>Meklēt</Search>
		<Search_Settings>Meklēšanas iestatījumi</Search_Settings>
		<Search_in>Meklēt iekšā</Search_in>
		<Settings>Iestatījumi</Settings>
		<Settings_Editor>Iestatījumu redaktors</Settings_Editor>
		<Show_Help>Parādīt palīdzību</Show_Help>
		<Sort>Kārtot</Sort>
		<Sort_by>Kārtot pēc</Sort_by>
		<Stack_Trace>Stack Trace</Stack_Trace>
		<Statistics_Page>Statistikas lapa</Statistics_Page>
		<Strict_Search>Stingra meklēšana</Strict_Search>
		<Success>Panākumi</Success>
		<System>Sistēma</System>
		<Table>Tabula</Table>
		<Toggle_Debug>Pārslēgt atkļūdošanu</Toggle_Debug>
		<Toggle_Transaction_Log>Pārslēgt darījumu žurnālu</Toggle_Transaction_Log>
		<Transaction_DB_Path>Darījumu datubāzes ceļš</Transaction_DB_Path>
		<UI>Lietotāja interfeiss</UI>
		<User_Requested>Pieprasīts lietotājs</User_Requested>
		<View>Skats</View>
		<View_Function>Skatīt funkciju</View_Function>
		<Views_Read_Only>Skatījumi ir tikai lasāmi un tos nevar rediģēt</Views_Read_Only>
		<WMU>Wiki MarkUp</WMU>
	</Language>
</root>