<?xml version="1.0" encoding="UTF-8" standalone="yes"?>
<root>
	<Language>
		<About>За</About>
		<Access_Denied>Одбиен пристап</Access_Denied>
		<App>Апликација</App>
		<Application>App</Application>
		<Asc>Растечки</Asc>
		<Auto_Log>Автоматско логирање</Auto_Log>
		<Browse>Прегледај</Browse>
		<CMD_Tooltip>Извршува кориснички извештаи за команди на SQL кон базата на податоци</CMD_Tooltip>
		<CSV>CSV</CSV>
		<Check_Log>Грешка: Ве молиме проверете го дневникот за детали</Check_Log>
		<Check_for_Updates>Провери за ажурирања</Check_for_Updates>
		<Close_TW>Затвори TW</Close_TW>
		<Close_wo_saving>Затвори без зачувување</Close_wo_saving>
		<Command>Команда</Command>
		<Converter>Конвертор</Converter>
		<Create_Statistics_Page>Креирај статистичка страница</Create_Statistics_Page>
		<Critical_Fault_Error>Грешка при критична грешка</Critical_Fault_Error>
		<Dataview_Error>Базата на податоци или прегледувањето на податоци не постои или си уште не е вчитано</Dataview_Error>
		<Debug>Debug</Debug>
		<Define_New_Table>Дефинирајте нова табела</Define_New_Table>
		<Deliminator>Делиминатор</Deliminator>
		<Desc>Опаѓачки</Desc>
		<Developer>Развивач</Developer>
		<Display_Settings>Поставки за екранот</Display_Settings>
		<Download_Update>Преземи ажурирање</Download_Update>
		<Edit>Уредување</Edit>
		<Error>Грешка</Error>
		<Error_Generic>О ништо не беше во ред! :(</Error_Generic>
		<Error_No_DB>Грешка: Не е вчитана база на податоци</Error_No_DB>
		<Export>Извоз</Export>
		<Export_CSV>ИЗВОЗ CSV НА ИЗБОР НА</Export_CSV>
		<Export_HTML_Data>Извоз HTML податоци во име на</Export_HTML_Data>
		<Export_HTML_Schema>Извоз HTML SCHEMA во име на</Export_HTML_Schema>
		<Export_SQL_SCHEMA>Извоз SQL - ШЕМА - Во име на</Export_SQL_SCHEMA>
		<Export_SQL_SQL>Експортирај SQL - SQL - Во име на</Export_SQL_SQL>
		<Export_UI>Извоз на кориснички интерфејс</Export_UI>
		<Export_XML>ИЗВОЗ XML НА</Export_XML>
		<Extensions>Екстензии</Extensions>
		<Failed>Не успеа</Failed>
		<Failed_Load_Online_EULA>Не успеа да се вчита онлајн ЕУЛА</Failed_Load_Online_EULA>
		<Failed_Save_Settings>Не успеав да ги зачувам подесувањата</Failed_Save_Settings>
		<File>Датотека</File>
		<Functions>Функции</Functions>
		<HTML>HTML</HTML>
		<HTML_to_CSV>HTML до CSV</HTML_to_CSV>
		<Help>Помош</Help>
		<Import>Увоз</Import>
		<Import_Completed>Увозот е завршен</Import_Completed>
		<Import_SQL>Увези го SQL</Import_SQL>
		<Importer>Увозникот</Importer>
		<Index>Индекс</Index>
		<Invert>Инвертирај</Invert>
		<JSON>JSON</JSON>
		<LOG_CSV_Path>Пријавете ја патеката CSV</LOG_CSV_Path>
		<LOG_DB_PATH>Лог База на податоциPath</LOG_DB_PATH>
		<Language>Јазик</Language>
		<Listview_Height>Висина на листа</Listview_Height>
		<Listview_Width>Ширина на листа</Listview_Width>
		<MD>MarkDown</MD>
		<Master_Table>Мастер Табела</Master_Table>
		<Master_Table_Protected>Sqlite_mastertable или "Master Table" е заштитена табела. За заштита на интегритетот на DB не можете да ја уредувате оваа табела</Master_Table_Protected>
		<New>Ново</New>
		<New_in_Memory_Db>Нова база на податоци за меморија</New_in_Memory_Db>
		<NoUpdates>Нема ажурирања</NoUpdates>
		<No_Updates>Нема достапни ажурирања</No_Updates>
		<Not_Supported>Не се поддржани</Not_Supported>
		<Open>Отвори</Open>
		<Opened>Отворен</Opened>
		<PRGM_Start>Програмата започна</PRGM_Start>
		<PXML>XML</PXML>
		<Plugin>Вклучи, Поврзи</Plugin>
		<Query>Барање</Query>
		<Query_Error>Грешка при пребарување</Query_Error>
		<Refresh_Schema>Освежи ја шемата</Refresh_Schema>
		<Run_Function>Стартувај функција</Run_Function>
		<SCHEMA_PRIVATE>ШЕМА-ПРИВАТНО</SCHEMA_PRIVATE>
		<SQL>SQL</SQL>
		<Save>Зачувај</Save>
		<Save_and_Close>Зачувај и затвори</Save_and_Close>
		<Search>Пребарување</Search>
		<Search_Settings>Подесувања за пребарување</Search_Settings>
		<Search_in>Барај во</Search_in>
		<Settings>Поставки</Settings>
		<Settings_Editor>Уредувач на поставки</Settings_Editor>
		<Show_Help>Прикажи Помош</Show_Help>
		<Sort>Сортирај</Sort>
		<Sort_by>Сортирај по</Sort_by>
		<Stack_Trace>Стек за трага</Stack_Trace>
		<Statistics_Page>Статистичка страница</Statistics_Page>
		<Strict_Search>Строга потрага</Strict_Search>
		<Success>Успех</Success>
		<System>Систем</System>
		<Table>Табела</Table>
		<Toggle_Debug>Вклучи грешка</Toggle_Debug>
		<Toggle_Transaction_Log>Вклучи дневник за трансакции</Toggle_Transaction_Log>
		<Transaction_DB_Path>Пат база на податоци за трансакции</Transaction_DB_Path>
		<UI>UI</UI>
		<User_Requested>Бараниот корисник</User_Requested>
		<View>Погледнете</View>
		<View_Function>Погледнете ја функцијата</View_Function>
		<Views_Read_Only>Прегледите се читаат само еднаш и не можат да се уредуваат</Views_Read_Only>
		<WMU>Вики MarkUp</WMU>
	</Language>
</root>