<?xml version="1.0" encoding="UTF-8" standalone="yes"?>
<root>
	<Language>
		<About>Тухай</About>
		<Access_Denied>Нэвтрэлт цуцлагдлаа</Access_Denied>
		<App>Програм</App>
		<Application>Апп</Application>
		<Asc>Доошоо</Asc>
		<Auto_Log>Авто лого</Auto_Log>
		<Browse>Browse</Browse>
		<CMD_Tooltip>SQL коммандын тохиргоог мэдээллийн сан руу шилж??лэх</CMD_Tooltip>
		<CSV>CSV</CSV>
		<Check_Log>Алдаа: Дэлгэрэнг?й мэдээллийг б?ртгэлийн хуудаснаас шалгана уу</Check_Log>
		<Check_for_Updates>Шинэчлэлт??дийг шалгах</Check_for_Updates>
		<Close_TW>TW-н Close</Close_TW>
		<Close_wo_saving>Хадгалахг?й бол хаах</Close_wo_saving>
		<Command>Тушаал</Command>
		<Converter>Х?рв??лэгч</Converter>
		<Create_Statistics_Page>Статистик хуудас ??сгэх</Create_Statistics_Page>
		<Critical_Fault_Error>Гэмтэлтэй алдаанууд</Critical_Fault_Error>
		<Dataview_Error>?г?гдлийн сан эсвэл Dataview байхг?й эсвэл байхг?й байна</Dataview_Error>
		<Debug>Дебаг хийх</Debug>
		<Define_New_Table>Шинэ х?снэгтийг тодорхойл</Define_New_Table>
		<Deliminator>Нэн яаралтай</Deliminator>
		<Desc>Удахг?й</Desc>
		<Developer>Х?гж??лэгч</Developer>
		<Display_Settings>Дэлгэцийн тохиргоо</Display_Settings>
		<Download_Update>Шинэчлэлтийг татаж авах</Download_Update>
		<Edit>Засварлах</Edit>
		<Error>Алдаа</Error>
		<Error_Generic>Ай ямар нэг з?йл буруу болоог?й! :(</Error_Generic>
		<Error_No_DB>Алдаа: ?г?й мэдээллийн сан ачаалагдсан байна</Error_No_DB>
		<Export>Экспорт</Export>
		<Export_CSV>Экспресс CSV дээр</Export_CSV>
		<Export_HTML_Data>Экспортын HTML DATA Экспортын нэрийн ?мн??с</Export_HTML_Data>
		<Export_HTML_Schema>Экспортын HTML SCHEMA нэрийн ?мн??с</Export_HTML_Schema>
		<Export_SQL_SCHEMA>Экспортын SQL - SCHEMA - нэрийн ?мн??с</Export_SQL_SCHEMA>
		<Export_SQL_SQL>Экспорт SQL - SQL - нэрийн ?мн??с</Export_SQL_SQL>
		<Export_UI>Экспортын UI</Export_UI>
		<Export_XML>EXPORT XML ON BEHALF OF</Export_XML>
		<Extensions>?рг?тг?л??д</Extensions>
		<Failed>Амжилтг?й болсон</Failed>
		<Failed_Load_Online_EULA>Онлайн EULA дээр ачаалж чадсанг?й</Failed_Load_Online_EULA>
		<Failed_Save_Settings>Тохиргоо хадгалааг?й байна</Failed_Save_Settings>
		<File>Файл</File>
		<Functions>Чиг ??рэг</Functions>
		<HTML>HTML</HTML>
		<HTML_to_CSV>HTML р?? CSV</HTML_to_CSV>
		<Help>Туслаач</Help>
		<Import>Импорт</Import>
		<Import_Completed>Импорт дууссан</Import_Completed>
		<Import_SQL>SQL оруулах</Import_SQL>
		<Importer>Импортлогч</Importer>
		<Index>Индекс</Index>
		<Invert>Урвуу</Invert>
		<JSON>JSON</JSON>
		<LOG_CSV_Path>CSV замыг б?ртгэх</LOG_CSV_Path>
		<LOG_DB_PATH>Б?ртгэлийн файлын пат</LOG_DB_PATH>
		<Language>Хэл</Language>
		<Listview_Height>Listview ?нд?р</Listview_Height>
		<Listview_Width>Listview Width</Listview_Width>
		<MD>MarkDown</MD>
		<Master_Table>Мастер х?снэгт</Master_Table>
		<Master_Table_Protected>Sqlite_mastertable буюу 'Мастер х?снэгт' нь хамгаалагдсан х?снэгт юм. Db-ийн б?рэн б?тэн байдлыг хамгаалахын тулд та энэ х?снэгтийг засаж чадахг?й</Master_Table_Protected>
		<New>Шинэ</New>
		<New_in_Memory_Db>Санах ойн мэдээллийн санд шинэ</New_in_Memory_Db>
		<NoUpdates>Шинэчлэл байхг?й</NoUpdates>
		<No_Updates>Шинэчлэлт байхг?й байна</No_Updates>
		<Not_Supported>Дэмжихг?й байна</Not_Supported>
		<Open>Нээлттэй байна</Open>
		<Opened>Нээгдсэн</Opened>
		<PRGM_Start>Х?т?лб?р эхэлсэн</PRGM_Start>
		<PXML>XML</PXML>
		<Plugin>Залгах</Plugin>
		<Query>Хайлт</Query>
		<Query_Error>Хайлтын алдаа</Query_Error>
		<Refresh_Schema>Скрайн сэргээх</Refresh_Schema>
		<Run_Function>Ажиллах функц</Run_Function>
		<SCHEMA_PRIVATE>SCHEMA-PRIVATE</SCHEMA_PRIVATE>
		<SQL>SQL</SQL>
		<Save>Хадгалах</Save>
		<Save_and_Close>Хадгалах ба хаах</Save_and_Close>
		<Search>Хайлт</Search>
		<Search_Settings>Тохиргоо хайх</Search_Settings>
		<Search_in>Хайлт</Search_in>
		<Settings>Тохиргоо</Settings>
		<Settings_Editor>Редакторын тохиргоо</Settings_Editor>
		<Show_Help>Тусламж харуулах</Show_Help>
		<Sort>Эрэмбэлэх</Sort>
		<Sort_by>Sort By</Sort_by>
		<Stack_Trace>Stack Trace</Stack_Trace>
		<Statistics_Page>Статистик хуудас</Statistics_Page>
		<Strict_Search>Х?чтэй хайлт</Strict_Search>
		<Success>Амжилт</Success>
		<System>Систем</System>
		<Table>Х?снэгт</Table>
		<Toggle_Debug>Дебаг сольно уу</Toggle_Debug>
		<Toggle_Transaction_Log>Г?йлгэх логийг соль</Toggle_Transaction_Log>
		<Transaction_DB_Path>Transaction мэдээллийн баазын зам</Transaction_DB_Path>
		<UI>UI</UI>
		<User_Requested>Хэрэглэгч х?ссэн</User_Requested>
		<View>Харах</View>
		<View_Function>Функцийг харах</View_Function>
		<Views_Read_Only>Харах нь уншигдах б?г??д засварлах боломжг?й</Views_Read_Only>
		<WMU>Wiki MarkUp</WMU>
	</Language>
</root>