<?xml version="1.0" encoding="UTF-8" standalone="yes"?>
<root>
	<Language>
		<About>Mengenai</About>
		<Access_Denied>Akses dinafikan</Access_Denied>
		<App>Permohonan</App>
		<Application>Aplikasi</Application>
		<Asc>Menaik</Asc>
		<Auto_Log>Log Auto</Auto_Log>
		<Browse>Semak imbas</Browse>
		<CMD_Tooltip>Melaksanakan penyataan arahan SQL yang disesuaikan ke pangkalan data</CMD_Tooltip>
		<CSV>CSV</CSV>
		<Check_Log>Ralat: Sila semak log untuk maklumat lanjut</Check_Log>
		<Check_for_Updates>Menyemak kemas kini</Check_for_Updates>
		<Close_TW>Tutup TW</Close_TW>
		<Close_wo_saving>Tutup tanpa Penjimatan</Close_wo_saving>
		<Command>Perintah</Command>
		<Converter>Penukar</Converter>
		<Create_Statistics_Page>Buat Halaman Statistik</Create_Statistics_Page>
		<Critical_Fault_Error>Ralat Kesalahan Kritikal</Critical_Fault_Error>
		<Dataview_Error>Pangkalan Data atau Data View tidak wujud atau belum dimuat</Dataview_Error>
		<Debug>Debug</Debug>
		<Define_New_Table>Tentukan Jadual Baru</Define_New_Table>
		<Deliminator>Deliminator</Deliminator>
		<Desc>Menurun</Desc>
		<Developer>Pemaju</Developer>
		<Display_Settings>Tetapan Paparan</Display_Settings>
		<Download_Update>Muat turun Kemas Kini</Download_Update>
		<Edit>Edit</Edit>
		<Error>Ralat</Error>
		<Error_Generic>Oh tidak ada yang berlaku! :(</Error_Generic>
		<Error_No_DB>Ralat: Tiada Pangkalan Data telah dimuatkan</Error_No_DB>
		<Export>Eksport</Export>
		<Export_CSV>EXPORT CSV ON BEHALF OF</Export_CSV>
		<Export_HTML_Data>Eksport HTML DATA bagi pihak</Export_HTML_Data>
		<Export_HTML_Schema>Eksport HTML SCHEMA bagi pihak</Export_HTML_Schema>
		<Export_SQL_SCHEMA>Eksport SQL - SCHEMA - Bagi pihak</Export_SQL_SCHEMA>
		<Export_SQL_SQL>Eksport SQL - SQL - Atas nama</Export_SQL_SQL>
		<Export_UI>UI Eksport</Export_UI>
		<Export_XML>EXPORT XML PADA BEHALF OF</Export_XML>
		<Extensions>Sambungan</Extensions>
		<Failed>Gagal</Failed>
		<Failed_Load_Online_EULA>Gagal memuat EULA dalam talian</Failed_Load_Online_EULA>
		<Failed_Save_Settings>Gagal Simpan Tetapan</Failed_Save_Settings>
		<File>Fail</File>
		<Functions>Fungsi</Functions>
		<HTML>HTML</HTML>
		<HTML_to_CSV>HTML ke CSV</HTML_to_CSV>
		<Help>Bantu</Help>
		<Import>Import</Import>
		<Import_Completed>Import Selesai</Import_Completed>
		<Import_SQL>Import SQL</Import_SQL>
		<Importer>Pengimport</Importer>
		<Index>Indeks</Index>
		<Invert>Invert</Invert>
		<JSON>JSON</JSON>
		<LOG_CSV_Path>Log CSV Path</LOG_CSV_Path>
		<LOG_DB_PATH>Log DatabasePath</LOG_DB_PATH>
		<Language>Bahasa</Language>
		<Listview_Height>Ketinggian Listview</Listview_Height>
		<Listview_Width>Lebar Listview</Listview_Width>
		<MD>MarkDown</MD>
		<Master_Table>Jadual Guru</Master_Table>
		<Master_Table_Protected>Sqlite_mastertable atau 'Master Table' adalah jadual yang dilindungi. Untuk melindungi integriti db, anda tidak dapat mengedit jadual ini</Master_Table_Protected>
		<New>Baru</New>
		<New_in_Memory_Db>Baru dalam Pangkalan Data Memori</New_in_Memory_Db>
		<NoUpdates>Tiada Maklumat</NoUpdates>
		<No_Updates>Tiada kemas kini yang tersedia</No_Updates>
		<Not_Supported>Tidak disokong</Not_Supported>
		<Open>Buka</Open>
		<Opened>Dibuka</Opened>
		<PRGM_Start>Program Bermula</PRGM_Start>
		<PXML>XML</PXML>
		<Plugin>Pasangkan</Plugin>
		<Query>Pertanyaan</Query>
		<Query_Error>Ralat Pertanyaan</Query_Error>
		<Refresh_Schema>Refresh Schema</Refresh_Schema>
		<Run_Function>Jalankan Fungsi</Run_Function>
		<SCHEMA_PRIVATE>SCHEMA-PRIVATE</SCHEMA_PRIVATE>
		<SQL>SQL</SQL>
		<Save>Simpan</Save>
		<Save_and_Close>Simpan dan Tutup</Save_and_Close>
		<Search>Carian</Search>
		<Search_Settings>Tetapan Carian</Search_Settings>
		<Search_in>Carian Dalam</Search_in>
		<Settings>Tetapan</Settings>
		<Settings_Editor>Editor Tetapan</Settings_Editor>
		<Show_Help>Tunjukkan Bantuan</Show_Help>
		<Sort>Isih</Sort>
		<Sort_by>Disusun mengikut</Sort_by>
		<Stack_Trace>Stack Trace</Stack_Trace>
		<Statistics_Page>Halaman Statistik</Statistics_Page>
		<Strict_Search>Carian Ketat</Strict_Search>
		<Success>Kejayaan</Success>
		<System>Sistem</System>
		<Table>Jadual</Table>
		<Toggle_Debug>Togol Debug</Toggle_Debug>
		<Toggle_Transaction_Log>Togol Log Transaksi</Toggle_Transaction_Log>
		<Transaction_DB_Path>Laluan Pangkalan Data Transaksi</Transaction_DB_Path>
		<UI>UI</UI>
		<User_Requested>Pengguna Diminta</User_Requested>
		<View>Lihat</View>
		<View_Function>Lihat Fungsi</View_Function>
		<Views_Read_Only>Pandangan dibaca dan tidak dapat diedit</Views_Read_Only>
		<WMU>Wiki MarkUp</WMU>
	</Language>
</root>