<?xml version="1.0" encoding="UTF-8" standalone="yes"?>
<root>
	<Language>
		<About>Dwar</About>
		<Access_Denied>Access michud</Access_Denied>
		<App>Applikazzjoni</App>
		<Application>App</Application>
		<Asc>Joghla</Asc>
		<Auto_Log>Log Auto</Auto_Log>
		<Browse>Fittex</Browse>
		<CMD_Tooltip>Tesegwixxi dikjarazzjonijiet personalizzati ta 'kmand SQL fuq id-database</CMD_Tooltip>
		<CSV>CSV</CSV>
		<Check_Log>Zball: Jekk joghgbok iccekkja l-log ghad-dettalji</Check_Log>
		<Check_for_Updates>Iccekkja ghal Aggornamenti</Check_for_Updates>
		<Close_TW>Aghlaq TW</Close_TW>
		<Close_wo_saving>Aghlaq minghajr Saving</Close_wo_saving>
		<Command>Kmand</Command>
		<Converter>Konvertitur</Converter>
		<Create_Statistics_Page>Ohloq Statistika Pagna</Create_Statistics_Page>
		<Critical_Fault_Error>Zball ta 'hsara kritika</Critical_Fault_Error>
		<Dataview_Error>Id-Database jew Dataview ma tezistix jew ghadha ma gietx mghobbija</Dataview_Error>
		<Debug>Debug</Debug>
		<Define_New_Table>Iddefinixxi Tabella Gdida</Define_New_Table>
		<Deliminator>Deliminator</Deliminator>
		<Desc>Baxxa</Desc>
		<Developer>Developer</Developer>
		<Display_Settings>Settings tal-Wiri</Display_Settings>
		<Download_Update>Nizzel Aggornament</Download_Update>
		<Edit>Edit</Edit>
		<Error>Zball</Error>
		<Error_Generic>Oh ebda haga marret hazin! :(</Error_Generic>
		<Error_No_DB>Zball: Ma giet mghobbija l-ebda Database</Error_No_DB>
		<Export>Esportazzjoni</Export>
		<Export_CSV>ESPORTAZZJONI CSV F'ISEMA TA '</Export_CSV>
		<Export_HTML_Data>Esporta HTML DATA f'isem</Export_HTML_Data>
		<Export_HTML_Schema>Esportazzjoni SCHEMA HTML f'isem</Export_HTML_Schema>
		<Export_SQL_SCHEMA>Esportazzjoni SQL - SCHEMA - f'isem</Export_SQL_SCHEMA>
		<Export_SQL_SQL>Esportazzjoni SQL - SQL - f'isem</Export_SQL_SQL>
		<Export_UI>UI ta 'esportazzjoni</Export_UI>
		<Export_XML>ESPORTAZZJONI XML FIS-SOMMA TA '</Export_XML>
		<Extensions>Estensjonijiet</Extensions>
		<Failed>Falla</Failed>
		<Failed_Load_Online_EULA>Naqset milli taghbija EULA onlajn</Failed_Load_Online_EULA>
		<Failed_Save_Settings>Falla li Hlief Settings</Failed_Save_Settings>
		<File>Fajl</File>
		<Functions>Funzjonijiet</Functions>
		<HTML>HTML</HTML>
		<HTML_to_CSV>HTML ghal CSV</HTML_to_CSV>
		<Help>Ghajnuna</Help>
		<Import>Importazzjoni</Import>
		<Import_Completed>Importazzjoni Kompletata</Import_Completed>
		<Import_SQL>Importa SQL</Import_SQL>
		<Importer>Importatur</Importer>
		<Index>Indici</Index>
		<Invert>Invert</Invert>
		<JSON>JSON</JSON>
		<LOG_CSV_Path>Log CSV Path</LOG_CSV_Path>
		<LOG_DB_PATH>Log DatabasePath</LOG_DB_PATH>
		<Language>Lingwa</Language>
		<Listview_Height>L-Gholi tal-Listview</Listview_Height>
		<Listview_Width>Wisa 'tal-Listview</Listview_Width>
		<MD>MarkDown</MD>
		<Master_Table>Master Table</Master_Table>
		<Master_Table_Protected>Sqlite_mastertable jew 'Master Table' hija tabella protetta. Biex tipprotegi l-integrità tad-db ma tistax torganizza din it-tabella</Master_Table_Protected>
		<New>Gdid</New>
		<New_in_Memory_Db>Dejta gdida fil-Memorja</New_in_Memory_Db>
		<NoUpdates>Nru Aggornamenti</NoUpdates>
		<No_Updates>M'hemmx aggornamenti disponibbli</No_Updates>
		<Not_Supported>Mhux Sostnuti</Not_Supported>
		<Open>Miftuha</Open>
		<Opened>Miftuh</Opened>
		<PRGM_Start>Il-Programm Beda</PRGM_Start>
		<PXML>XML</PXML>
		<Plugin>Plugin</Plugin>
		<Query>Mistoqsija</Query>
		<Query_Error>Zball ta 'Mistoqsija</Query_Error>
		<Refresh_Schema>Aggorna l-Iskema</Refresh_Schema>
		<Run_Function>Run Function</Run_Function>
		<SCHEMA_PRIVATE>SCHEMA-PRIVAT</SCHEMA_PRIVATE>
		<SQL>SQL</SQL>
		<Save>Hlief</Save>
		<Save_and_Close>Hlief u Aghlaq</Save_and_Close>
		<Search>Fittex</Search>
		<Search_Settings>Settings tat-Tiftix</Search_Settings>
		<Search_in>Fittex fi</Search_in>
		<Settings>Settings</Settings>
		<Settings_Editor>Editur tal-Settings</Settings_Editor>
		<Show_Help>Uri l-Ghajnuna</Show_Help>
		<Sort>Sort</Sort>
		<Sort_by>Irranga skond</Sort_by>
		<Stack_Trace>Stack Trace</Stack_Trace>
		<Statistics_Page>Statistics Page</Statistics_Page>
		<Strict_Search>Tiftix strett</Strict_Search>
		<Success>Success</Success>
		<System>Sistema</System>
		<Table>Tabella</Table>
		<Toggle_Debug>Toggle Debug</Toggle_Debug>
		<Toggle_Transaction_Log>Toggle Log ta 'Tranzazzjoni</Toggle_Transaction_Log>
		<Transaction_DB_Path>Binarju tad-Database tat-Tranzazzjonijiet</Transaction_DB_Path>
		<UI>UI</UI>
		<User_Requested>Utent Mitlub</User_Requested>
		<View>Ara</View>
		<View_Function>Funzjoni tal-Veduta</View_Function>
		<Views_Read_Only>Il-fehmiet huma readonly u ma jistghux jigu editjati</Views_Read_Only>
		<WMU>Wiki Markup</WMU>
	</Language>
</root>