<?xml version="1.0" encoding="UTF-8" standalone="yes"?>
<root>
	<Language>
		<About>အကွောငျး</About>
		<Access_Denied>ဝင်ရောက်ချိတ်ဆက်ရန်ငြင်းဆိုခြင်း</Access_Denied>
		<App>လြှောကျလှာ</App>
		<Application>App ကို</Application>
		<Asc>Ascending</Asc>
		<Auto_Log>အော်တို Log in ဝင်ရန်</Auto_Log>
		<Browse>Browse ကို</Browse>
		<CMD_Tooltip>အဆိုပါဒေတာဘေ့စပေါ်သို့စိတ်ကြိုက် SQL command ကိုထုတ်ပြန်ချက်များကွပ်မျက်ခံရ</CMD_Tooltip>
		<CSV>CSV ဖိုင်</CSV>
		<Check_Log>အမှား: အသေးစိတ်မှတ်တမ်းစစ်ဆေးပါ</Check_Log>
		<Check_for_Updates>အပ်ဒိတ်များအဘို့ Check</Check_for_Updates>
		<Close_TW>အနီးကပ် TW</Close_TW>
		<Close_wo_saving>သိမ်းဆည်းခြင်းမရှိဘဲအနီးကပ်</Close_wo_saving>
		<Command>အမိန့်</Command>
		<Converter>converter</Converter>
		<Create_Statistics_Page>စာရင်းအင်းစာမျက်နှာကိုဖန်တီး</Create_Statistics_Page>
		<Critical_Fault_Error>အရေးပါသောပြတ်ရွေ့မှုမှားယွင်းနေ</Critical_Fault_Error>
		<Dataview_Error>အဆိုပါဒေတာဘေ့စသို့မဟုတ် Dataview မတည်ရှိပါဘူးသို့မဟုတ်သေး loaded ရသေး</Dataview_Error>
		<Debug>ဒီဘာဂ်</Debug>
		<Define_New_Table>နယူးဇယားသတ်မှတ်</Define_New_Table>
		<Deliminator>Deliminator</Deliminator>
		<Desc>ဆင်း</Desc>
		<Developer>developer</Developer>
		<Display_Settings>display Settings</Display_Settings>
		<Download_Update>ဒေါင်းလုပ် Update ကို</Download_Update>
		<Edit>Edit ကို</Edit>
		<Error>အမှား</Error>
		<Error_Generic>တစ်ခုခုမှားသွားခြင်းမရှိပါစေသော :(</Error_Generic>
		<Error_No_DB>အမှား: အဘယ်သူမျှမဒေတာဘေ့စတင်ဆောင်ထားပြီး</Error_No_DB>
		<Export>ထုတ်ကုန်</Export>
		<Export_CSV>ကိုယ်စားပို့ကုန် CSV ဖိုင်</Export_CSV>
		<Export_HTML_Data>ကိုယ်စားပို့ကုန်က HTML အချက်အလက်</Export_HTML_Data>
		<Export_HTML_Schema>ကိုယ်စားပို့ကုန်က HTML schemas</Export_HTML_Schema>
		<Export_SQL_SCHEMA>ပို့ကုန် SQL - schemas - ၏ကိုယ်စားတွင်</Export_SQL_SCHEMA>
		<Export_SQL_SQL>ပို့ကုန် SQL - SQL - ၏ကိုယ်စားတွင်</Export_SQL_SQL>
		<Export_UI>ပို့ကုန် UI ကို</Export_UI>
		<Export_XML>ကိုယ်စားပို့ကုန် XML ကို</Export_XML>
		<Extensions>extensions</Extensions>
		<Failed>Failed</Failed>
		<Failed_Load_Online_EULA>အွန်လိုင်း EULA load ရန်မအောင်မြင်ခဲ့ပါ</Failed_Load_Online_EULA>
		<Failed_Save_Settings>Settings များ Save ရန်မအောင်မြင်ခဲ့ပါ</Failed_Save_Settings>
		<File>ဖိုင်မှတ်တမ်း</File>
		<Functions>functions များ</Functions>
		<HTML>HTML ကို</HTML>
		<HTML_to_CSV>CSV ဖိုင်မှ HTML ကို</HTML_to_CSV>
		<Help>ကူညီပါ</Help>
		<Import>တင်သွင်း</Import>
		<Import_Completed>သွင်းကုန်ပြီးစီး</Import_Completed>
		<Import_SQL>သွင်းကုန် SQL</Import_SQL>
		<Importer>ကုန်သွင်းရောင်းသူ</Importer>
		<Index>အညွှန်းကိန်း</Index>
		<Invert>ပြောင်းပြန်လှန်</Invert>
		<JSON>JSON</JSON>
		<LOG_CSV_Path>CSV ကို Path ကို Log</LOG_CSV_Path>
		<LOG_DB_PATH>log DatabasePath</LOG_DB_PATH>
		<Language>ဘာသာစကား</Language>
		<Listview_Height>Listview အမြင့်</Listview_Height>
		<Listview_Width>Listview အကျယ်</Listview_Width>
		<MD>MarkDown</MD>
		<Master_Table>မာစတာဇယား</Master_Table>
		<Master_Table_Protected>Sqlite_mastertable သို့မဟုတ် 'မာစတာစားပွဲတင်' 'တစ်ဦးကိုကာကွယ်စောင့်ရှောက်စားပွဲပေါ်မှာဖြစ်ပါတယ်။ အဆိုပါ DB ၏သမာဓိကိုကာကွယ်ရန်သင်ဤစားပွဲပေါ်မှာတည်းဖြတ်မရနိုင်ပါ</Master_Table_Protected>
		<New>နယူး</New>
		<New_in_Memory_Db>မှတ်ဉာဏ် Database ကိုအသစ်</New_in_Memory_Db>
		<NoUpdates>အဘယ်သူမျှမအပ်ဒိတ်များ</NoUpdates>
		<No_Updates>ရရှိနိုင်မပါ updates များကိုရှိပါတယ်</No_Updates>
		<Not_Supported>Supported မဟုတ်</Not_Supported>
		<Open>ဖွင့်လှစ်</Open>
		<Opened>ဖွင့်လှစ်</Opened>
		<PRGM_Start>Program ကိုစတင်ခဲ့သည်</PRGM_Start>
		<PXML>XML ကို</PXML>
		<Plugin>plugin</Plugin>
		<Query>မေးခွန်း</Query>
		<Query_Error>query မှားယွင်းနေသည်</Query_Error>
		<Refresh_Schema>Refresh Schema</Refresh_Schema>
		<Run_Function>run ရာထူးအမည်</Run_Function>
		<SCHEMA_PRIVATE>schemas-Private</SCHEMA_PRIVATE>
		<SQL>SQL</SQL>
		<Save>ကြော်ငြာကို Save လုပ်ရန်</Save>
		<Save_and_Close>ပိတ် Save နှင့်</Save_and_Close>
		<Search>ရှာဖှေ</Search>
		<Search_Settings>Search ကိုချိန်ညှိမှုများ</Search_Settings>
		<Search_in>ရှာရန်ခုနှစ်တွင်</Search_in>
		<Settings>Settings များ</Settings>
		<Settings_Editor>Settings များ Editor ကို</Settings_Editor>
		<Show_Help>Show ကိုအကူအညီ</Show_Help>
		<Sort>စီ</Sort>
		<Sort_by>အလိုက်စဥ်သည်</Sort_by>
		<Stack_Trace>stack Trace</Stack_Trace>
		<Statistics_Page>စာရင်းအင်းများ 's Page</Statistics_Page>
		<Strict_Search>တင်းကျပ်သောရှာရန်</Strict_Search>
		<Success>အောင်မြင်ခြင်း</Success>
		<System>စံနစ်</System>
		<Table>စားပှဲ</Table>
		<Toggle_Debug>toggle ဘာဂ်</Toggle_Debug>
		<Toggle_Transaction_Log>toggle ငွေသွင်းငွေထုတ် Log in ဝင်ရန်</Toggle_Transaction_Log>
		<Transaction_DB_Path>ငွေသွင်းငွေထုတ် Database ဟာ Path ကို</Transaction_DB_Path>
		<UI>UI ကို</UI>
		<User_Requested>အသုံးပြုသူတောင်းဆိုထားသော</User_Requested>
		<View>ကြည့်ရှုခြင်း</View>
		<View_Function>ကြည့်ရန်ရာထူးအမည်</View_Function>
		<Views_Read_Only>views မှာဖတ်ရန်အတွက်ဖြစ်ကြပြီးတည်းဖြတ်မရနိုင်ပါ</Views_Read_Only>
		<WMU>ဝီကီ ​​markup</WMU>
	</Language>
</root>