<?xml version="1.0" encoding="UTF-8" standalone="yes"?>
<root>
	<Language>
		<About>Over</About>
		<Access_Denied>Toegang geweigerd</Access_Denied>
		<App>Toepassing</App>
		<Application>App</Application>
		<Asc>oplopend</Asc>
		<Auto_Log>Auto log</Auto_Log>
		<Browse>Blader</Browse>
		<CMD_Tooltip>Voert aangepaste SQL-opdrachtinstructies uit in de database</CMD_Tooltip>
		<CSV>CSV</CSV>
		<Check_Log>Fout: controleer het logboek voor details</Check_Log>
		<Check_for_Updates>Controleer op updates</Check_for_Updates>
		<Close_TW>Sluiten TW</Close_TW>
		<Close_wo_saving>Sluiten zonder opslaan</Close_wo_saving>
		<Command>Opdracht</Command>
		<Converter>omvormer</Converter>
		<Create_Statistics_Page>Statistiekenpagina maken</Create_Statistics_Page>
		<Critical_Fault_Error>Kritieke fout Fout</Critical_Fault_Error>
		<Dataview_Error>De database of Dataview bestaat niet of is nog niet geladen</Dataview_Error>
		<Debug>debug</Debug>
		<Define_New_Table>Definieer nieuwe tabel</Define_New_Table>
		<Deliminator>Deliminator</Deliminator>
		<Desc>Aflopend</Desc>
		<Developer>Ontwikkelaar</Developer>
		<Display_Settings>Beeldscherminstellingen</Display_Settings>
		<Download_Update>Download update</Download_Update>
		<Edit>Bewerk</Edit>
		<Error>Fout</Error>
		<Error_Generic>Oh, er is niks misgegaan! :(</Error_Generic>
		<Error_No_DB>Fout: er is geen database geladen</Error_No_DB>
		<Export>Exporteren</Export>
		<Export_CSV>CSV UITVOEREN NAMENS</Export_CSV>
		<Export_HTML_Data>HTML DATA exporteren namens</Export_HTML_Data>
		<Export_HTML_Schema>HTML-SCHEMA exporteren namens</Export_HTML_Schema>
		<Export_SQL_SCHEMA>SQL exporteren - SCHEMA - namens</Export_SQL_SCHEMA>
		<Export_SQL_SQL>Exporteer SQL - SQL - Namens</Export_SQL_SQL>
		<Export_UI>UI exporteren</Export_UI>
		<Export_XML>EXPORT XML NAMENS</Export_XML>
		<Extensions>uitbreidingen</Extensions>
		<Failed>mislukt</Failed>
		<Failed_Load_Online_EULA>Laden van online EULA is mislukt</Failed_Load_Online_EULA>
		<Failed_Save_Settings>Instellingen opslaan mislukt</Failed_Save_Settings>
		<File>het dossier</File>
		<Functions>functies</Functions>
		<HTML>HTML</HTML>
		<HTML_to_CSV>HTML naar CSV</HTML_to_CSV>
		<Help>Helpen</Help>
		<Import>Importeren</Import>
		<Import_Completed>Import voltooid</Import_Completed>
		<Import_SQL>SQL importeren</Import_SQL>
		<Importer>Importeur</Importer>
		<Index>Inhoudsopgave</Index>
		<Invert>Omkeren</Invert>
		<JSON>JSON</JSON>
		<LOG_CSV_Path>CSV-pad loggen</LOG_CSV_Path>
		<LOG_DB_PATH>Logdatabasepad</LOG_DB_PATH>
		<Language>Taal</Language>
		<Listview_Height>Lijstweergave Hoogte</Listview_Height>
		<Listview_Width>Lijstweergave Breedte</Listview_Width>
		<MD>Markdown</MD>
		<Master_Table>Hoofdtabel</Master_Table>
		<Master_Table_Protected>Sqlite_mastertable of 'Master Table' is een beveiligde tabel. Om de integriteit van de db te beschermen, kunt u deze tabel niet bewerken</Master_Table_Protected>
		<New>nieuwe</New>
		<New_in_Memory_Db>Nieuw in geheugendatabase</New_in_Memory_Db>
		<NoUpdates>Geen updates</NoUpdates>
		<No_Updates>Er zijn geen updates beschikbaar</No_Updates>
		<Not_Supported>Niet ondersteund</Not_Supported>
		<Open>Open</Open>
		<Opened>geopend</Opened>
		<PRGM_Start>Programma gestart</PRGM_Start>
		<PXML>XML</PXML>
		<Plugin>Inpluggen</Plugin>
		<Query>vraag</Query>
		<Query_Error>Queryfout</Query_Error>
		<Refresh_Schema>Vernieuw Schema</Refresh_Schema>
		<Run_Function>Voer functie uit</Run_Function>
		<SCHEMA_PRIVATE>SCHEMA-PRIVATE</SCHEMA_PRIVATE>
		<SQL>SQL</SQL>
		<Save>Save</Save>
		<Save_and_Close>Opslaan en afsluiten</Save_and_Close>
		<Search>Zoeken</Search>
		<Search_Settings>Zoek instellingen</Search_Settings>
		<Search_in>Zoek in</Search_in>
		<Settings>instellingen</Settings>
		<Settings_Editor>Instellingeneditor</Settings_Editor>
		<Show_Help>Hulp laten zien</Show_Help>
		<Sort>Soort</Sort>
		<Sort_by>Sorteer op</Sort_by>
		<Stack_Trace>Stack Trace</Stack_Trace>
		<Statistics_Page>Statistiekenpagina</Statistics_Page>
		<Strict_Search>Strikt zoeken</Strict_Search>
		<Success>Succes</Success>
		<System>Systeem</System>
		<Table>Tafel</Table>
		<Toggle_Debug>Schakel Debug in</Toggle_Debug>
		<Toggle_Transaction_Log>Schakel transactielog in</Toggle_Transaction_Log>
		<Transaction_DB_Path>Transactie database pad</Transaction_DB_Path>
		<UI>UI</UI>
		<User_Requested>Gebruiker gevraagd</User_Requested>
		<View>Uitzicht</View>
		<View_Function>Bekijk functie</View_Function>
		<Views_Read_Only>Weergaven zijn alleenleesbaar en kunnen niet worden bewerkt</Views_Read_Only>
		<WMU>Wiki MarkUp</WMU>
	</Language>
</root>