<?xml version="1.0" encoding="UTF-8" standalone="yes"?>
<root>
	<Language>
		<About>Handle om</About>
		<Access_Denied>Ingen tilgang</Access_Denied>
		<App>Søknad</App>
		<Application>app</Application>
		<Asc>stigende</Asc>
		<Auto_Log>Automatisk logg</Auto_Log>
		<Browse>Søk</Browse>
		<CMD_Tooltip>Utfører tilpassede SQL-kommando-setninger på databasen</CMD_Tooltip>
		<CSV>CSV</CSV>
		<Check_Log>Feil: Vennligst sjekk loggen for detaljer</Check_Log>
		<Check_for_Updates>Se etter oppdateringer</Check_for_Updates>
		<Close_TW>Lukk TW</Close_TW>
		<Close_wo_saving>Lukk uten å lagre</Close_wo_saving>
		<Command>Kommando</Command>
		<Converter>Converter</Converter>
		<Create_Statistics_Page>Opprett statistikkside</Create_Statistics_Page>
		<Critical_Fault_Error>Kritisk feilfeil</Critical_Fault_Error>
		<Dataview_Error>Databasen eller Dataview eksisterer ikke eller har ikke blitt lastet ennå</Dataview_Error>
		<Debug>Debug</Debug>
		<Define_New_Table>Definer ny tabell</Define_New_Table>
		<Deliminator>Deliminator</Deliminator>
		<Desc>synkende</Desc>
		<Developer>Utvikler</Developer>
		<Display_Settings>Skjerminnstillinger</Display_Settings>
		<Download_Update>Last ned oppdatering</Download_Update>
		<Edit>Redigere</Edit>
		<Error>Feil</Error>
		<Error_Generic>Åh ikke noe gikk galt! :(</Error_Generic>
		<Error_No_DB>Feil: Ingen database er lastet inn</Error_No_DB>
		<Export>Eksport</Export>
		<Export_CSV>Eksportere CSV på grunn av</Export_CSV>
		<Export_HTML_Data>Eksporter HTML DATA på vegne av</Export_HTML_Data>
		<Export_HTML_Schema>Eksporter HTML-skjema på vegne av</Export_HTML_Schema>
		<Export_SQL_SCHEMA>Eksporter SQL - SCHEMA - På vegne av</Export_SQL_SCHEMA>
		<Export_SQL_SQL>Eksporter SQL - SQL - På vegne av</Export_SQL_SQL>
		<Export_UI>Eksporter brukergrensesnitt</Export_UI>
		<Export_XML>Eksport XML på grunn av</Export_XML>
		<Extensions>utvidelser</Extensions>
		<Failed>mislyktes</Failed>
		<Failed_Load_Online_EULA>Kunne ikke laste inn online EULA</Failed_Load_Online_EULA>
		<Failed_Save_Settings>Kunne ikke lagre innstillinger</Failed_Save_Settings>
		<File>Fil</File>
		<Functions>funksjoner</Functions>
		<HTML>HTML</HTML>
		<HTML_to_CSV>HTML til CSV</HTML_to_CSV>
		<Help>Hjelp</Help>
		<Import>Import</Import>
		<Import_Completed>Importen er fullført</Import_Completed>
		<Import_SQL>Importer SQL</Import_SQL>
		<Importer>Importør</Importer>
		<Index>Hovedsiden</Index>
		<Invert>Inverter</Invert>
		<JSON>JSON</JSON>
		<LOG_CSV_Path>Logg CSV-sti</LOG_CSV_Path>
		<LOG_DB_PATH>Logg DatabasePath</LOG_DB_PATH>
		<Language>Språk</Language>
		<Listview_Height>Listevisning Høyde</Listview_Height>
		<Listview_Width>Listevisningsbredde</Listview_Width>
		<MD>Markdown</MD>
		<Master_Table>Mestertabell</Master_Table>
		<Master_Table_Protected>Sqlite_mastertable eller 'Master Table' er et beskyttet bord. For å beskytte integriteten til db kan du ikke redigere denne tabellen</Master_Table_Protected>
		<New>Ny</New>
		<New_in_Memory_Db>Ny i Memory Database</New_in_Memory_Db>
		<NoUpdates>Ingen oppdateringer</NoUpdates>
		<No_Updates>Det er ingen oppdateringer tilgjengelig</No_Updates>
		<Not_Supported>Ikke støttet</Not_Supported>
		<Open>Åpen</Open>
		<Opened>åpnet</Opened>
		<PRGM_Start>Program startet</PRGM_Start>
		<PXML>XML</PXML>
		<Plugin>Plugg inn</Plugin>
		<Query>Spørsmål</Query>
		<Query_Error>Spørringsfeil</Query_Error>
		<Refresh_Schema>Oppdater skjema</Refresh_Schema>
		<Run_Function>Kjør Funksjon</Run_Function>
		<SCHEMA_PRIVATE>SCHEMA-PRIVATE</SCHEMA_PRIVATE>
		<SQL>SQL</SQL>
		<Save>Lagre</Save>
		<Save_and_Close>Lagre og lukk</Save_and_Close>
		<Search>Søke</Search>
		<Search_Settings>Søkeinnstillinger</Search_Settings>
		<Search_in>Søk i</Search_in>
		<Settings>innstillinger</Settings>
		<Settings_Editor>Innstillinger Editor</Settings_Editor>
		<Show_Help>Vis hjelp</Show_Help>
		<Sort>Sortere</Sort>
		<Sort_by>Sorter etter</Sort_by>
		<Stack_Trace>Stack Trace</Stack_Trace>
		<Statistics_Page>Statistisk side</Statistics_Page>
		<Strict_Search>Strenge søk</Strict_Search>
		<Success>Suksess</Success>
		<System>System</System>
		<Table>Bord</Table>
		<Toggle_Debug>Bytt feilsøking</Toggle_Debug>
		<Toggle_Transaction_Log>Bytt Transaksjonslogg</Toggle_Transaction_Log>
		<Transaction_DB_Path>Transaksjonsdatabasebane</Transaction_DB_Path>
		<UI>UI</UI>
		<User_Requested>Bruker Forespurt</User_Requested>
		<View>Utsikt</View>
		<View_Function>Vis Funksjon</View_Function>
		<Views_Read_Only>Visninger er readonly og kan ikke redigeres</Views_Read_Only>
		<WMU>Wiki MarkUp</WMU>
	</Language>
</root>