<?xml version="1.0" encoding="UTF-8" standalone="yes"?>
<root>
	<Language>
		<About>په ا?ه</About>
		<Access_Denied>رس? منکره شوه</Access_Denied>
		<App>کار?ال</App>
		<Application>اپل</Application>
		<Asc>ژغورل</Asc>
		<Auto_Log>د اتوم لو?</Auto_Log>
		<Browse>ل?ون کول</Browse>
		<CMD_Tooltip>د ا?س ا?س ا?ل قوماند? ب?انات په ?ا?اب?س ک? عملي کوي</CMD_Tooltip>
		<CSV>CSV</CSV>
		<Check_Log>ت?روتنه: مهرباني وک?ئ د معلوماتو لپاره ل?نک و?ورئ</Check_Log>
		<Check_for_Updates>د اوسمهالونو لپاره ?وري</Check_for_Updates>
		<Close_TW>بندول</Close_TW>
		<Close_wo_saving>ب? ?ا?ه بنده ک?ئ</Close_wo_saving>
		<Command>قومانده</Command>
		<Converter>بدل?دونک?</Converter>
		<Create_Statistics_Page>د احصا?ه پا?ه جو?ول</Create_Statistics_Page>
		<Critical_Fault_Error>انتقالي غلطي ت?روتنه</Critical_Fault_Error>
		<Dataview_Error>???اب?س ?ا ?ا?و?و? شتون نلري ?ا لا تر اوسه نه د? پورته شو?</Dataview_Error>
		<Debug>Debug</Debug>
		<Define_New_Table>نوي جدول تعر?ف ک?ئ</Define_New_Table>
		<Deliminator>و?جا?ونک?</Deliminator>
		<Desc>تاوان</Desc>
		<Developer>پرمختلونک?</Developer>
		<Display_Settings>شاخصونه</Display_Settings>
		<Download_Update>اوسمهال ک?ته کول</Download_Update>
		<Edit>سمون</Edit>
		<Error>ت?روتنه</Error>
		<Error_Generic>هو نه ه?? ش? غلط? شو?! :(</Error_Generic>
		<Error_No_DB>ت?روتنه: ه?? ?ا?اب?س ند? پورته شو?</Error_No_DB>
		<Export>صادرات</Export>
		<Export_CSV>د ش?انو په ا?ه د CSV صادرات</Export_CSV>
		<Export_HTML_Data>د HTML په ا?ه د ?ا?ا ?ا?ا صادر ک?ئ</Export_HTML_Data>
		<Export_HTML_Schema>د HTML لخوا د SCHEMA صادرول</Export_HTML_Schema>
		<Export_SQL_SCHEMA>د SQL صادرول - SCHEMA - د طرف په لوري</Export_SQL_SCHEMA>
		<Export_SQL_SQL>ا?س ا?س ا?ل صادر ک?ئ - ا?س ا?س ا?ل - د د? په استاز?توب</Export_SQL_SQL>
		<Export_UI>صادرات UI</Export_UI>
		<Export_XML>د ا?کسچ?ن? په ا?ه ا?کس ا?کس ا?کس ا?کس ا?کس</Export_XML>
		<Extensions>توکبنس?ونه</Extensions>
		<Failed>ناکام شو</Failed>
		<Failed_Load_Online_EULA>د آنلا?ن EULA د پورته کولو توان نلري</Failed_Load_Online_EULA>
		<Failed_Save_Settings>د ترت?بونو خوندي کولو ک? پات? راغلل</Failed_Save_Settings>
		<File>دوتنه</File>
		<Functions>دند?</Functions>
		<HTML>ا?چ ٹ? ا?م ا?ل</HTML>
		<HTML_to_CSV>HTML ته CSV</HTML_to_CSV>
		<Help>مرسته</Help>
		<Import>واردات</Import>
		<Import_Completed>وارد شو? بشپ? شو?</Import_Completed>
		<Import_SQL>ا?س ا?س ا?ل وارد ک?ئ</Import_SQL>
		<Importer>واردونک?</Importer>
		<Index>ل?که</Index>
		<Invert>تکرار</Invert>
		<JSON>JSON</JSON>
		<LOG_CSV_Path>د سي ا?س و? پته ??که</LOG_CSV_Path>
		<LOG_DB_PATH>د ننوت ???اب?سپاتات</LOG_DB_PATH>
		<Language>ژبه</Language>
		<Listview_Height>د ل?ست ل?د لو??</Listview_Height>
		<Listview_Width>د ل?ست ل?د ?لورم</Listview_Width>
		<MD>مارک ?اؤن</MD>
		<Master_Table>ماس?ر جدول</Master_Table>
		<Master_Table_Protected>Sqlite_mastertable ?ا 'ماس?ر جدول' خوندي شو? م?ز د?. د DB د بشپ?ت?ا ساتلو لپاره تاسو دا م?ز نه شي تمد?دول?</Master_Table_Protected>
		<New>نو?</New>
		<New_in_Memory_Db>په ?اد?ت ?ا?اب?س ک? نو?</New_in_Memory_Db>
		<NoUpdates>ه?? اوسمهال نشته</NoUpdates>
		<No_Updates>ه?? اوسمهال شتون نلري</No_Updates>
		<Not_Supported>ملات? ند?</Not_Supported>
		<Open>پران?ست?</Open>
		<Opened>پرانيستل شوه</Opened>
		<PRGM_Start>پرو?رام پ?ل شو</PRGM_Start>
		<PXML>ا?کس ا?م ا?ل</PXML>
		<Plugin>ن?لول</Plugin>
		<Query>پو?تنل?ک</Query>
		<Query_Error>د پو?تنو ت?روتنه</Query_Error>
		<Refresh_Schema>سک?ما تازه ک?ئ</Refresh_Schema>
		<Run_Function>فعال?ت چلول</Run_Function>
		<SCHEMA_PRIVATE>SCHEMA-PRIVATE</SCHEMA_PRIVATE>
		<SQL>ا?س ا?س ا?ل</SQL>
		<Save>ساتل</Save>
		<Save_and_Close>ساتل او بندول</Save_and_Close>
		<Search>ل?ون</Search>
		<Search_Settings>د ل?ون ترت?بونه</Search_Settings>
		<Search_in>ل?ون کول</Search_in>
		<Settings>امستن?</Settings>
		<Settings_Editor>امستن? سمون?ر</Settings_Editor>
		<Show_Help>مرسته ?کاره ک?ه</Show_Help>
		<Sort>ترت?بول</Sort>
		<Sort_by>ترت?ب ?? ک?ه په</Sort_by>
		<Stack_Trace>س??ک ?ر?س</Stack_Trace>
		<Statistics_Page>د احصا?? پا?ه</Statistics_Page>
		<Strict_Search>سخته ل?ون</Strict_Search>
		<Success>بر?ال?توب</Success>
		<System>س?س?م</System>
		<Table>جدول</Table>
		<Toggle_Debug>???ل</Toggle_Debug>
		<Toggle_Transaction_Log>د ??? د ل??د لوستل</Toggle_Transaction_Log>
		<Transaction_DB_Path>د راک?? ورک?? ?ا?اب?س لار</Transaction_DB_Path>
		<UI>UI</UI>
		<User_Requested>د کارن غو?تنل?ک</User_Requested>
		<View>و?وره</View>
		<View_Function>فعال?ت و?ورئ</View_Function>
		<Views_Read_Only>ل?دونه په سمه تو?ه دي او نشي کول? چ? سمبال شي</Views_Read_Only>
		<WMU>ويکي مارک اپ اپ</WMU>
	</Language>
</root>