<?xml version="1.0" encoding="UTF-8" standalone="yes"?>
<root>
	<Language>
		<About>Despre</About>
		<Access_Denied>Acces interzis</Access_Denied>
		<App>cerere</App>
		<Application>App</Application>
		<Asc>Ascendent</Asc>
		<Auto_Log>Log automat</Auto_Log>
		<Browse>Naviga</Browse>
		<CMD_Tooltip>Execută comenzi personalizate de comandă SQL în baza de date</CMD_Tooltip>
		<CSV>CSV</CSV>
		<Check_Log>Eroare: verifica?i jurnalul pentru detalii</Check_Log>
		<Check_for_Updates>Verifică pentru actualizări</Check_for_Updates>
		<Close_TW>Închide?i TW</Close_TW>
		<Close_wo_saving>Închide?i fără a salva</Close_wo_saving>
		<Command>Comanda</Command>
		<Converter>convertizor</Converter>
		<Create_Statistics_Page>Crea?i o pagină de statistici</Create_Statistics_Page>
		<Critical_Fault_Error>Eroare de eroare critică</Critical_Fault_Error>
		<Dataview_Error>Baza de date sau Dataview nu există sau nu a fost încă încărcată</Dataview_Error>
		<Debug>debug</Debug>
		<Define_New_Table>Defini?i tabelul nou</Define_New_Table>
		<Deliminator>Deliminator</Deliminator>
		<Desc>Descendentă</Desc>
		<Developer>Dezvoltator</Developer>
		<Display_Settings>Setări de afi?are</Display_Settings>
		<Download_Update>Descărca?i actualizarea</Download_Update>
		<Edit>Edita?i | ×</Edit>
		<Error>Eroare</Error>
		<Error_Generic>Nu sa întâmplat ceva în neregulă! :(</Error_Generic>
		<Error_No_DB>Eroare: Nu a fost încărcată nicio bază de date</Error_No_DB>
		<Export>Export</Export>
		<Export_CSV>EXPORT CSV ÎN EXCEP?IA</Export_CSV>
		<Export_HTML_Data>Exporta?i HTML DATA în numele</Export_HTML_Data>
		<Export_HTML_Schema>Exporta?i SCHEMA HTML în numele</Export_HTML_Schema>
		<Export_SQL_SCHEMA>Export SQL - SCHEMA - În numele</Export_SQL_SCHEMA>
		<Export_SQL_SQL>Export SQL - SQL - În numele</Export_SQL_SQL>
		<Export_UI>IO de export</Export_UI>
		<Export_XML>EXPORT XML ÎN VERIFICARE</Export_XML>
		<Extensions>Extensii</Extensions>
		<Failed>A e?uat</Failed>
		<Failed_Load_Online_EULA>Nu sa reu?it încărcarea EULA online</Failed_Load_Online_EULA>
		<Failed_Save_Settings>Setările de salvare nu au putut fi salvate</Failed_Save_Settings>
		<File>Fişier</File>
		<Functions>funcţii</Functions>
		<HTML>HTML</HTML>
		<HTML_to_CSV>HTML pentru CSV</HTML_to_CSV>
		<Help>Ajutor</Help>
		<Import>Import</Import>
		<Import_Completed>Importul finalizat</Import_Completed>
		<Import_SQL>Importa?i SQL</Import_SQL>
		<Importer>Importator</Importer>
		<Index>Index</Index>
		<Invert>Inversa</Invert>
		<JSON>JSON</JSON>
		<LOG_CSV_Path>Cale CSV pentru jurnal</LOG_CSV_Path>
		<LOG_DB_PATH>Jurnal de bază de date log</LOG_DB_PATH>
		<Language>Limba</Language>
		<Listview_Height>Înăl?imea listă</Listview_Height>
		<Listview_Width>Listview Width</Listview_Width>
		<MD>markdown</MD>
		<Master_Table>Masa Master</Master_Table>
		<Master_Table_Protected>Sqlite_mastertable sau "Master Table" este un tabel protejat. Pentru a proteja integritatea db nu pute?i edita acest tabel</Master_Table_Protected>
		<New>Nou</New>
		<New_in_Memory_Db>Nou în baza de date de memorie</New_in_Memory_Db>
		<NoUpdates>Nu există actualizări</NoUpdates>
		<No_Updates>Nu există actualizări disponibile</No_Updates>
		<Not_Supported>Nu sunt acceptate</Not_Supported>
		<Open>Deschis</Open>
		<Opened>Deschis</Opened>
		<PRGM_Start>Programul a început</PRGM_Start>
		<PXML>XML</PXML>
		<Plugin>Conecteaza</Plugin>
		<Query>întrebare</Query>
		<Query_Error>Eroare de interogare</Query_Error>
		<Refresh_Schema>Reîmprospăta?i schema</Refresh_Schema>
		<Run_Function>Func?ie de rulare</Run_Function>
		<SCHEMA_PRIVATE>PRIVAT-schemă</SCHEMA_PRIVATE>
		<SQL>SQL</SQL>
		<Save>Salva?i</Save>
		<Save_and_Close>Salveaza si inchide</Save_and_Close>
		<Search>Căutare</Search>
		<Search_Settings>Setări de căutare</Search_Settings>
		<Search_in>Cauta in</Search_in>
		<Settings>Setări</Settings>
		<Settings_Editor>Editor de setări</Settings_Editor>
		<Show_Help>Afi?a?i Ajutor</Show_Help>
		<Sort>Fel</Sort>
		<Sort_by>Filtrează după</Sort_by>
		<Stack_Trace>Stack Trace</Stack_Trace>
		<Statistics_Page>Pagina de statistici</Statistics_Page>
		<Strict_Search>Căutarea strictă</Strict_Search>
		<Success>Succes</Success>
		<System>Sistem</System>
		<Table>Masa</Table>
		<Toggle_Debug>Comuta?i întrerupere</Toggle_Debug>
		<Toggle_Transaction_Log>Comuta?i jurnalul de tranzac?ii</Toggle_Transaction_Log>
		<Transaction_DB_Path>Calea bazei de date a tranzac?iei</Transaction_DB_Path>
		<UI>UI</UI>
		<User_Requested>Utilizatorul solicitat</User_Requested>
		<View>Vedere</View>
		<View_Function>Func?ia de vizualizare</View_Function>
		<Views_Read_Only>Vizionările sunt readonly ?i nu pot fi editate</Views_Read_Only>
		<WMU>Wiki MarkUp</WMU>
	</Language>
</root>