<?xml version="1.0" encoding="UTF-8" standalone="yes"?>
<root>
	<Language>
		<About>Около</About>
		<Access_Denied>Доступ закрыт</Access_Denied>
		<App>заявка</App>
		<Application>Приложение</Application>
		<Asc>Восходящий</Asc>
		<Auto_Log>Автозапуск</Auto_Log>
		<Browse>Просматривать</Browse>
		<CMD_Tooltip>Выполняет настраиваемые инструкции команд SQL в базе данных</CMD_Tooltip>
		<CSV>CSV</CSV>
		<Check_Log>Ошибка: проверьте журнал для получения более подробной информации.</Check_Log>
		<Check_for_Updates>Проверить наличие обновлений</Check_for_Updates>
		<Close_TW>Закрыть TW</Close_TW>
		<Close_wo_saving>Закрыть без сохранения</Close_wo_saving>
		<Command>команда</Command>
		<Converter>конвертер</Converter>
		<Create_Statistics_Page>Создать страницу статистики</Create_Statistics_Page>
		<Critical_Fault_Error>Критическая ошибка ошибки</Critical_Fault_Error>
		<Dataview_Error>База данных или Dataview не существует или еще не загружена</Dataview_Error>
		<Debug>Отлаживать</Debug>
		<Define_New_Table>Определение новой таблицы</Define_New_Table>
		<Deliminator>Deliminator</Deliminator>
		<Desc>нисходящий</Desc>
		<Developer>разработчик</Developer>
		<Display_Settings>Настройки отображения</Display_Settings>
		<Download_Update>Загрузить обновление</Download_Update>
		<Edit>редактировать</Edit>
		<Error>ошибка</Error>
		<Error_Generic>О, ничего не получилось! :(</Error_Generic>
		<Error_No_DB>Ошибка: база данных не загружена</Error_No_DB>
		<Export>экспорт</Export>
		<Export_CSV>ЭКСПОРТ CSV ОТ ИМЕНИ</Export_CSV>
		<Export_HTML_Data>Экспорт HTML DATA от имени</Export_HTML_Data>
		<Export_HTML_Schema>Экспорт HTML SCHEMA от имени</Export_HTML_Schema>
		<Export_SQL_SCHEMA>Экспорт SQL - SCHEMA - от имени</Export_SQL_SCHEMA>
		<Export_SQL_SQL>Экспорт SQL-SQL - от имени</Export_SQL_SQL>
		<Export_UI>Экспортный интерфейс</Export_UI>
		<Export_XML>ЭКСПОРТНЫЙ XML ОТ ИМЕНИ</Export_XML>
		<Extensions>расширения</Extensions>
		<Failed>Не смогли</Failed>
		<Failed_Load_Online_EULA>Не удалось загрузить онлайн-лицензию EULA</Failed_Load_Online_EULA>
		<Failed_Save_Settings>Не удалось сохранить настройки</Failed_Save_Settings>
		<File>файл</File>
		<Functions>функции</Functions>
		<HTML>HTML</HTML>
		<HTML_to_CSV>HTML для CSV</HTML_to_CSV>
		<Help>Помогите</Help>
		<Import>Импортировать</Import>
		<Import_Completed>Импорт завершен</Import_Completed>
		<Import_SQL>Импорт SQL</Import_SQL>
		<Importer>импортер</Importer>
		<Index>Индекс</Index>
		<Invert>инвертировать</Invert>
		<JSON>JSON</JSON>
		<LOG_CSV_Path>Путь к журналу CSV</LOG_CSV_Path>
		<LOG_DB_PATH>Log DatabasePath</LOG_DB_PATH>
		<Language>язык</Language>
		<Listview_Height>Высота списка просмотров</Listview_Height>
		<Listview_Width>Ширина списка</Listview_Width>
		<MD>MarkDown</MD>
		<Master_Table>Мастер-таблица</Master_Table>
		<Master_Table_Protected>Sqlite_mastertable или «Мастер-таблица» - это защищенная таблица. Чтобы защитить целостность db, вы не можете редактировать эту таблицу</Master_Table_Protected>
		<New>новый</New>
		<New_in_Memory_Db>Новое в базе данных памяти</New_in_Memory_Db>
		<NoUpdates>Нет обновлений</NoUpdates>
		<No_Updates>Нет доступных обновлений</No_Updates>
		<Not_Supported>Не поддерживается</Not_Supported>
		<Open>открыто</Open>
		<Opened>открытый</Opened>
		<PRGM_Start>Запущена программа</PRGM_Start>
		<PXML>XML</PXML>
		<Plugin>Plugin</Plugin>
		<Query>запрос</Query>
		<Query_Error>Ошибка запроса</Query_Error>
		<Refresh_Schema>Обновить схему</Refresh_Schema>
		<Run_Function>Функция запуска</Run_Function>
		<SCHEMA_PRIVATE>SCHEMA-PRIVATE</SCHEMA_PRIVATE>
		<SQL>SQL</SQL>
		<Save>Сохранить</Save>
		<Save_and_Close>Сохрани и закрой</Save_and_Close>
		<Search>Поиск</Search>
		<Search_Settings>Настройки поиска</Search_Settings>
		<Search_in>Поиск в</Search_in>
		<Settings>настройки</Settings>
		<Settings_Editor>Редактор настроек</Settings_Editor>
		<Show_Help>Показать справку</Show_Help>
		<Sort>Сортировать</Sort>
		<Sort_by>Сортировать по</Sort_by>
		<Stack_Trace>Трассировки стека</Stack_Trace>
		<Statistics_Page>Страница статистики</Statistics_Page>
		<Strict_Search>Строгий поиск</Strict_Search>
		<Success>успех</Success>
		<System>система</System>
		<Table>Таблица</Table>
		<Toggle_Debug>Переключить Debug</Toggle_Debug>
		<Toggle_Transaction_Log>Переключить журнал транзакций</Toggle_Transaction_Log>
		<Transaction_DB_Path>Путь к базе данных транзакций</Transaction_DB_Path>
		<UI>UI</UI>
		<User_Requested>Пользователь запросил</User_Requested>
		<View>Посмотреть</View>
		<View_Function>Функция просмотра</View_Function>
		<Views_Read_Only>Представления являются readonly и не могут быть отредактированы</Views_Read_Only>
		<WMU>Wiki MarkUp</WMU>
	</Language>
</root>