<?xml version="1.0" encoding="UTF-8" standalone="yes"?>
<root>
	<Language>
		<About>بابت</About>
		<Access_Denied>رسائي رد ?ئي وئي</Access_Denied>
		<App>درخواست</App>
		<Application>ايپ</Application>
		<Asc>جزا</Asc>
		<Auto_Log>پا?مرادو لاگ ان</Auto_Log>
		<Browse>برائوز ?ريو</Browse>
		<CMD_Tooltip>?ي?ابيس تي ?س?م ?س?م بيانن جي ?س?مائي?</CMD_Tooltip>
		<CSV>سي ايس وي</CSV>
		<Check_Log>مسئلو: مھرباني ?ري تفصيل لاء لاگ ان چي? ?ريو</Check_Log>
		<Check_for_Updates>اپ?ي? لاء چي? ?ريو</Check_for_Updates>
		<Close_TW>TW بند ?ريو</Close_TW>
		<Close_wo_saving>بغير بچائ? بند ?ريو</Close_wo_saving>
		<Command>ح?م</Command>
		<Converter>?نور?ر</Converter>
		<Create_Statistics_Page>اعداد و شمار جو صفحو ?اهيو</Create_Statistics_Page>
		<Critical_Fault_Error>غلطي غلطي جي غلطي</Critical_Fault_Error>
		<Dataview_Error>?ي?ابيس يا ?ي?اويو موجود ناهي يا ا?ان تائين لو? نه ?ي چ?و آهي</Dataview_Error>
		<Debug>?يگ</Debug>
		<Define_New_Table>نيون ?يبل جي وضاحت ?ريو</Define_New_Table>
		<Deliminator>?يلمي?ر</Deliminator>
		<Desc>وجھ?</Desc>
		<Developer>?اهيند?</Developer>
		<Display_Settings>سي?نگون</Display_Settings>
		<Download_Update>?ائون لو? ?ريو</Download_Update>
		<Edit>ترميم ?ريو</Edit>
		<Error>غلطي</Error>
		<Error_Generic>ها? ?جهه غلط ?ي چ?و آهي! :(</Error_Generic>
		<Error_No_DB>غلطي: ?ابه ?ي?ابيس لو? ?ي وئي آھي</Error_No_DB>
		<Export>?اھر مو?ليو</Export>
		<Export_CSV>برآمد ?يند? شي?ول تي سي ?ي وي</Export_CSV>
		<Export_HTML_Data>ھن جي طرفان HTML ?ي? مو?ليو</Export_HTML_Data>
		<Export_HTML_Schema>جي طرفان HTML SCHEMA کي برآمد ?ريو</Export_HTML_Schema>
		<Export_SQL_SCHEMA>برآمد ?ريو SQL - SCHEMA - جي طرفان</Export_SQL_SCHEMA>
		<Export_SQL_SQL>?اھر مو?ليو SQL - SQL - جي طرفان</Export_SQL_SQL>
		<Export_UI>يو ايس برآمد ?ريو</Export_UI>
		<Export_XML>برآمد ?يل هفتي تي XML</Export_XML>
		<Extensions>منتقلي</Extensions>
		<Failed>نا?ام ?يو</Failed>
		<Failed_Load_Online_EULA>آن لائن EULA کي لو? ?ر? ? نا?ام ?يو</Failed_Load_Online_EULA>
		<Failed_Save_Settings>سي?نگون محفوظ ?ر? ? نا?ام ?يو</Failed_Save_Settings>
		<File>فائل</File>
		<Functions>?ار?ن</Functions>
		<HTML>HTML</HTML>
		<HTML_to_CSV>HTML ?انهن CSV</HTML_to_CSV>
		<Help>مدد</Help>
		<Import>آمد</Import>
		<Import_Completed>وارد ?يل م?مل</Import_Completed>
		<Import_SQL>ايس ايم ايسي? ?ريو</Import_SQL>
		<Importer>درآمد ?ند?</Importer>
		<Index>Index</Index>
		<Invert>?يرائ?</Invert>
		<JSON>JSON</JSON>
		<LOG_CSV_Path>سي ايم وي ر?ا کي و?و</LOG_CSV_Path>
		<LOG_DB_PATH>Log DatabasePath</LOG_DB_PATH>
		<Language>?ولي</Language>
		<Listview_Height>لائي? وارو نقشو</Listview_Height>
		<Listview_Width>لس? وارو ?ي?</Listview_Width>
		<MD>مار? ?ائون</MD>
		<Master_Table>ماس?ر ?يبل</Master_Table>
		<Master_Table_Protected>Sqlite_mastertable يا 'ماس?ر ?يبل' محفوظ ?يل ?يبل آهي. ?ي بي جي ايمانداري جي حفاظت لاء توهان هن ميز کي ترميم نه ?ري سگهو ?ا</Master_Table_Protected>
		<New>نئون</New>
		<New_in_Memory_Db>ميموري ?ي?ابيس ? نئون</New_in_Memory_Db>
		<NoUpdates>?ا به خبر ناهي</NoUpdates>
		<No_Updates>?ابه تازيون دستياب ناھي</No_Updates>
		<Not_Supported>حمايت نه ?ئي وئي آهي</Not_Supported>
		<Open>کليل</Open>
		<Opened>لياري ??يو</Opened>
		<PRGM_Start>پروگرام شروع ?يو</PRGM_Start>
		<PXML>اي?س ايم ايل</PXML>
		<Plugin>پلگ ان</Plugin>
		<Query>سوال</Query>
		<Query_Error>غلطي جي غلطي</Query_Error>
		<Refresh_Schema>تازو اس?يما</Refresh_Schema>
		<Run_Function>هلائ? وارو ?م</Run_Function>
		<SCHEMA_PRIVATE>SCHEMA-PRIVATE</SCHEMA_PRIVATE>
		<SQL>ايس ايم</SQL>
		<Save>محفوظ ?ريو</Save>
		<Save_and_Close>محفوظ ? بند ?ريو</Save_and_Close>
		<Search>?ولھيو</Search>
		<Search_Settings>?ولها جو?</Search_Settings>
		<Search_in>?وليو</Search_in>
		<Settings>سي?نگون</Settings>
		<Settings_Editor>سي?نگ جو اي?ي?ر</Settings_Editor>
		<Show_Help>مدد ?يکاريو</Show_Help>
		<Sort>ترتيب ?نل</Sort>
		<Sort_by>ترتيب ?نل</Sort_by>
		<Stack_Trace>اس?ي? جو رستو</Stack_Trace>
		<Statistics_Page>شماريات جو صفحو</Statistics_Page>
		<Strict_Search>سخت ?ولا</Strict_Search>
		<Success>?امياب</Success>
		<System>سس?م</System>
		<Table>?يبل</Table>
		<Toggle_Debug>?گلو ?يگ</Toggle_Debug>
		<Toggle_Transaction_Log>?رانس ?رانزي?شن لاگ ان</Toggle_Transaction_Log>
		<Transaction_DB_Path>?رانزي?شن ?ي?ابيس جو رستو</Transaction_DB_Path>
		<UI>يو</UI>
		<User_Requested>استعمال ?ند? جي درخواست ?ئي وئي</User_Requested>
		<View>?سو</View>
		<View_Function>فن?شن ?سو</View_Function>
		<Views_Read_Only>مناظر پ?ھندا آھن ? تبديلي نه ?و ?ري سگھجي</Views_Read_Only>
		<WMU>Wiki MarkUp</WMU>
	</Language>
</root>