<?xml version="1.0" encoding="UTF-8" standalone="yes"?>
<root>
	<Language>
		<About>o</About>
		<Access_Denied>Prístup zamietnutý</Access_Denied>
		<App>prihláška</App>
		<Application>app</Application>
		<Asc>stúpajúca</Asc>
		<Auto_Log>Automatický protokol</Auto_Log>
		<Browse>prezerať</Browse>
		<CMD_Tooltip>Spravuje prispôsobené príkazy SQL príkazu do databázy</CMD_Tooltip>
		<CSV>CSV</CSV>
		<Check_Log>Chyba: Prečítajte si podrobnosti o protokole</Check_Log>
		<Check_for_Updates>Skontroluj aktualizácie</Check_for_Updates>
		<Close_TW>Zatvorte TW</Close_TW>
		<Close_wo_saving>Zatvoriť bez uloženia</Close_wo_saving>
		<Command>Príkaz</Command>
		<Converter>konvertor</Converter>
		<Create_Statistics_Page>Vytvorte stránku štatistiky</Create_Statistics_Page>
		<Critical_Fault_Error>Chyba kritickej chyby</Critical_Fault_Error>
		<Dataview_Error>Databáza alebo Dataview neexistuje alebo nebola zatiaľ načítaná</Dataview_Error>
		<Debug>ladiť</Debug>
		<Define_New_Table>Definujte novú tabuľku</Define_New_Table>
		<Deliminator>Deliminator</Deliminator>
		<Desc>klesajúci</Desc>
		<Developer>vývojka</Developer>
		<Display_Settings>Nastavenia zobrazenia</Display_Settings>
		<Download_Update>Prevziať aktualizáciu</Download_Update>
		<Edit>editovať</Edit>
		<Error>Chyba</Error>
		<Error_Generic>Oh, niečo sa pokazilo! :(</Error_Generic>
		<Error_No_DB>Chyba: Nie je načítaná žiadna databáza</Error_No_DB>
		<Export>Export</Export>
		<Export_CSV>EXPORT CSV ZA VOĽNU</Export_CSV>
		<Export_HTML_Data>Export HTML DATA v mene</Export_HTML_Data>
		<Export_HTML_Schema>Export HTML SCHEMA v mene spoločnosti</Export_HTML_Schema>
		<Export_SQL_SCHEMA>Export SQL - SCHEMA - V mene spoločnosti</Export_SQL_SCHEMA>
		<Export_SQL_SQL>Export SQL - SQL - V mene spoločnosti</Export_SQL_SQL>
		<Export_UI>UI exportu</Export_UI>
		<Export_XML>EXPORT XML VOĽNOM</Export_XML>
		<Extensions>rozšírenie</Extensions>
		<Failed>neúspešný</Failed>
		<Failed_Load_Online_EULA>Nepodarilo sa načítať zmluvu EULA online</Failed_Load_Online_EULA>
		<Failed_Save_Settings>Nepodarilo sa uložiť nastavenia</Failed_Save_Settings>
		<File>súbor</File>
		<Functions>funkcie</Functions>
		<HTML>HTML</HTML>
		<HTML_to_CSV>HTML do formátu CSV</HTML_to_CSV>
		<Help>Pomoc</Help>
		<Import>import</Import>
		<Import_Completed>Import bol dokončený</Import_Completed>
		<Import_SQL>Importovať SQL</Import_SQL>
		<Importer>dovozca</Importer>
		<Index>index</Index>
		<Invert>invertný</Invert>
		<JSON>JSON</JSON>
		<LOG_CSV_Path>Cesta k CSV protokolom</LOG_CSV_Path>
		<LOG_DB_PATH>Záznamová databáza cesty</LOG_DB_PATH>
		<Language>Jazyk</Language>
		<Listview_Height>Height Viewview</Listview_Height>
		<Listview_Width>Šírka zoznamu</Listview_Width>
		<MD>markdown</MD>
		<Master_Table>Master Table</Master_Table>
		<Master_Table_Protected>Sqlite_mastertable alebo "Master Table" je chránená tabuľka. Na ochranu integrity databázy db nemôžete upraviť túto tabuľku</Master_Table_Protected>
		<New>Nový</New>
		<New_in_Memory_Db>Nové v databáze pamäte</New_in_Memory_Db>
		<NoUpdates>Žiadne aktualizácie</NoUpdates>
		<No_Updates>Nie sú k dispozícii žiadne aktualizácie</No_Updates>
		<Not_Supported>Nie je podporované</Not_Supported>
		<Open>Otvorený</Open>
		<Opened>otvoril</Opened>
		<PRGM_Start>Program sa začal</PRGM_Start>
		<PXML>XML</PXML>
		<Plugin>Zapojiť</Plugin>
		<Query>Dopyt</Query>
		<Query_Error>Chyba dopytu</Query_Error>
		<Refresh_Schema>Refresh Schema</Refresh_Schema>
		<Run_Function>Spustiť funkciu</Run_Function>
		<SCHEMA_PRIVATE>SCHEMA-SÚKROMNÉ</SCHEMA_PRIVATE>
		<SQL>SQL</SQL>
		<Save>Uložiť</Save>
		<Save_and_Close>Uložiť a zatvoriť</Save_and_Close>
		<Search>Vyhľadávanie</Search>
		<Search_Settings>Nastavenia vyhľadávania</Search_Settings>
		<Search_in>Vyhľadávanie v</Search_in>
		<Settings>nastavenie</Settings>
		<Settings_Editor>Editor nastavení</Settings_Editor>
		<Show_Help>Zobraziť pomoc</Show_Help>
		<Sort>druh</Sort>
		<Sort_by>Triediť podľa</Sort_by>
		<Stack_Trace>Stack Trace</Stack_Trace>
		<Statistics_Page>Štatistika</Statistics_Page>
		<Strict_Search>Prísne vyhľadávanie</Strict_Search>
		<Success>Úspech</Success>
		<System>systém</System>
		<Table>stôl</Table>
		<Toggle_Debug>Prepnúť ladenie</Toggle_Debug>
		<Toggle_Transaction_Log>Prepnúť protokol transakcií</Toggle_Transaction_Log>
		<Transaction_DB_Path>Cesta databázy transakcií</Transaction_DB_Path>
		<UI>UI</UI>
		<User_Requested>Požadovaný používateľ</User_Requested>
		<View>vyhliadka</View>
		<View_Function>Funkcia zobrazenia</View_Function>
		<Views_Read_Only>Zobrazenia sú readonly a nemožno ich upraviť</Views_Read_Only>
		<WMU>Wiki MarkUp</WMU>
	</Language>
</root>