<?xml version="1.0" encoding="UTF-8" standalone="yes"?>
<root>
	<Language>
		<About>O podjetju</About>
		<Access_Denied>Dostop zavrnjen</Access_Denied>
		<App>Uporaba</App>
		<Application>App</Application>
		<Asc>Naraščajoče</Asc>
		<Auto_Log>Samodejni dnevnik</Auto_Log>
		<Browse>Brskaj</Browse>
		<CMD_Tooltip>Izvaja prilagojene ukazne ukaze SQL v bazo podatkov</CMD_Tooltip>
		<CSV>CSV</CSV>
		<Check_Log>Napaka: prosimo, preverite dnevnik za podrobnosti</Check_Log>
		<Check_for_Updates>Preveri za posodobitve</Check_for_Updates>
		<Close_TW>Zapri TW</Close_TW>
		<Close_wo_saving>Zapri brez shranjevanja</Close_wo_saving>
		<Command>Ukaz</Command>
		<Converter>Pretvornik</Converter>
		<Create_Statistics_Page>Ustvari statistično stran</Create_Statistics_Page>
		<Critical_Fault_Error>Kritična napaka v napaki</Critical_Fault_Error>
		<Dataview_Error>Baza podatkov ali ogled podatkov ne obstaja ali še ni bila naložena</Dataview_Error>
		<Debug>Debug</Debug>
		<Define_New_Table>Določite novo tabelo</Define_New_Table>
		<Deliminator>Deliminator</Deliminator>
		<Desc>Padajoče</Desc>
		<Developer>Razvijalec</Developer>
		<Display_Settings>Nastavitve zaslona</Display_Settings>
		<Download_Update>Prenos posodobitve</Download_Update>
		<Edit>Uredi</Edit>
		<Error>Napaka</Error>
		<Error_Generic>Oh, nič ni šlo narobe! :(</Error_Generic>
		<Error_No_DB>Napaka: ni bila naložena nobena zbirka podatkov</Error_No_DB>
		<Export>Izvozi</Export>
		<Export_CSV>IZVOZNI CSV, KI JIH JE</Export_CSV>
		<Export_HTML_Data>Izvozi podatke HTML v imenu</Export_HTML_Data>
		<Export_HTML_Schema>Izvozi HTML SCHEMA v imenu podjetja</Export_HTML_Schema>
		<Export_SQL_SCHEMA>Izvozi SQL - SCHEMA - V imenu</Export_SQL_SCHEMA>
		<Export_SQL_SQL>Izvozi SQL - SQL - V imenu</Export_SQL_SQL>
		<Export_UI>Izvozi uporabniški vmesnik</Export_UI>
		<Export_XML>IZVOZ XML ON</Export_XML>
		<Extensions>Razširitve</Extensions>
		<Failed>Ni uspelo</Failed>
		<Failed_Load_Online_EULA>Spletnega dostopa EULA ni bilo mogoče naložiti</Failed_Load_Online_EULA>
		<Failed_Save_Settings>Nastavitve ni bilo mogoče shraniti</Failed_Save_Settings>
		<File>mapa</File>
		<Functions>Funkcije</Functions>
		<HTML>HTML</HTML>
		<HTML_to_CSV>HTML v CSV</HTML_to_CSV>
		<Help>Pomoč</Help>
		<Import>Uvozi</Import>
		<Import_Completed>Uvoz končan</Import_Completed>
		<Import_SQL>Uvozite SQL</Import_SQL>
		<Importer>Uvoznik</Importer>
		<Index>Indeks</Index>
		<Invert>Invert</Invert>
		<JSON>JSON</JSON>
		<LOG_CSV_Path>Log CSV pot</LOG_CSV_Path>
		<LOG_DB_PATH>Log DatabasePath</LOG_DB_PATH>
		<Language>Jezik</Language>
		<Listview_Height>Višina seznama</Listview_Height>
		<Listview_Width>Širina seznama</Listview_Width>
		<MD>MarkDown</MD>
		<Master_Table>Glavna tabela</Master_Table>
		<Master_Table_Protected>Sqlite_mastertable ali "Master Table" je zaščitena tabela. Za zaščito integritete db te tabele ni mogoče urejati</Master_Table_Protected>
		<New>Novo</New>
		<New_in_Memory_Db>Nova v pomnilniški bazi podatkov</New_in_Memory_Db>
		<NoUpdates>Ni posodobitev</NoUpdates>
		<No_Updates>Na voljo ni nobenih posodobitev</No_Updates>
		<Not_Supported>Ne podpira</Not_Supported>
		<Open>Odprto</Open>
		<Opened>Odprto</Opened>
		<PRGM_Start>Program se je začel</PRGM_Start>
		<PXML>XML</PXML>
		<Plugin>Vključiti</Plugin>
		<Query>Poizvedba</Query>
		<Query_Error>Napaka v poizvedbi</Query_Error>
		<Refresh_Schema>Osvežitvena shema</Refresh_Schema>
		<Run_Function>Zaženi funkcijo</Run_Function>
		<SCHEMA_PRIVATE>SCHEMA-PRIVATE</SCHEMA_PRIVATE>
		<SQL>SQL</SQL>
		<Save>Shrani</Save>
		<Save_and_Close>Shrani in zapri</Save_and_Close>
		<Search>Iskanje</Search>
		<Search_Settings>Nastavitve iskanja</Search_Settings>
		<Search_in>Išči v</Search_in>
		<Settings>Nastavitve</Settings>
		<Settings_Editor>Urejevalnik nastavitev</Settings_Editor>
		<Show_Help>Prikaži pomoč</Show_Help>
		<Sort>Razvrsti</Sort>
		<Sort_by>Razvrsti po</Sort_by>
		<Stack_Trace>Stack Trace</Stack_Trace>
		<Statistics_Page>Statistika strani</Statistics_Page>
		<Strict_Search>Strogo iskanje</Strict_Search>
		<Success>Uspeh</Success>
		<System>Sistem</System>
		<Table>Tabela</Table>
		<Toggle_Debug>Toggle Debug</Toggle_Debug>
		<Toggle_Transaction_Log>Preklopi dnevnik transakcij</Toggle_Transaction_Log>
		<Transaction_DB_Path>Pot podatkovne baze transakcij</Transaction_DB_Path>
		<UI>UI</UI>
		<User_Requested>Zahtevani uporabnik</User_Requested>
		<View>Pogled</View>
		<View_Function>Ogled funkcije</View_Function>
		<Views_Read_Only>Ogledi so samo za branje in jih ni mogoče urejati</Views_Read_Only>
		<WMU>Wiki MarkUp</WMU>
	</Language>
</root>