<?xml version="1.0" encoding="UTF-8" standalone="yes"?>
<root>
	<Language>
		<About>për</About>
		<Access_Denied>Ndalohet hyrja</Access_Denied>
		<App>Aplikacion</App>
		<Application>App</Application>
		<Asc>Në ngjitje</Asc>
		<Auto_Log>Identifikohu Auto</Auto_Log>
		<Browse>shfletoj</Browse>
		<CMD_Tooltip>Ekzekuton deklaratat e komandës SQL të përshtatur mbi bazën e të dhënave</CMD_Tooltip>
		<CSV>CSV</CSV>
		<Check_Log>Gabim: Ju lutem kontrolloni log për detaje</Check_Log>
		<Check_for_Updates>Kontrolloni për përditësime</Check_for_Updates>
		<Close_TW>Mbylle TW</Close_TW>
		<Close_wo_saving>Mbylle pa kursyer</Close_wo_saving>
		<Command>komandë</Command>
		<Converter>Converter</Converter>
		<Create_Statistics_Page>Krijo Statistikën</Create_Statistics_Page>
		<Critical_Fault_Error>Gabim kritik i gabimit</Critical_Fault_Error>
		<Dataview_Error>Baza e të dhënave ose Dataview nuk ekziston ose ende nuk është ngarkuar</Dataview_Error>
		<Debug>rregulloj</Debug>
		<Define_New_Table>Përcaktoni tabelën e re</Define_New_Table>
		<Deliminator>Deliminator</Deliminator>
		<Desc>zbritëse</Desc>
		<Developer>zhvillues</Developer>
		<Display_Settings>Cilësimet e ekranit</Display_Settings>
		<Download_Update>Shkarko përditësimin</Download_Update>
		<Edit>redaktoj</Edit>
		<Error>gabim</Error>
		<Error_Generic>Oh nuk ka diçka gaboi! :(</Error_Generic>
		<Error_No_DB>Gabim: Asnjë Baza e të dhënave nuk është ngarkuar</Error_No_DB>
		<Export>eksport</Export>
		<Export_CSV>CSV EKZEKUTIVE NË BEHALF TË</Export_CSV>
		<Export_HTML_Data>Export HTML DATA në emër të</Export_HTML_Data>
		<Export_HTML_Schema>Export HTML SCHEMA në emër të</Export_HTML_Schema>
		<Export_SQL_SCHEMA>Export SQL - SCHEMA - Në emër të</Export_SQL_SCHEMA>
		<Export_SQL_SQL>Eksport SQL - SQL - Në emër të</Export_SQL_SQL>
		<Export_UI>UI i eksportit</Export_UI>
		<Export_XML>EKSPORT XML NË BEHALF TË</Export_XML>
		<Extensions>Zgjerime</Extensions>
		<Failed>i dështuar</Failed>
		<Failed_Load_Online_EULA>Dështoi në ngarkimin e EULA në internet</Failed_Load_Online_EULA>
		<Failed_Save_Settings>Dështoi në ruajtjen e cilësimeve</Failed_Save_Settings>
		<File>skedar</File>
		<Functions>Funksione</Functions>
		<HTML>HTML</HTML>
		<HTML_to_CSV>HTML në CSV</HTML_to_CSV>
		<Help>Ndihmë</Help>
		<Import>import</Import>
		<Import_Completed>Importi përfunduar</Import_Completed>
		<Import_SQL>Importo SQL</Import_SQL>
		<Importer>importues</Importer>
		<Index>indeks</Index>
		<Invert>anasjell</Invert>
		<JSON>JSON</JSON>
		<LOG_CSV_Path>Identifikohu CSV Path</LOG_CSV_Path>
		<LOG_DB_PATH>Identifikohu DatabasePath</LOG_DB_PATH>
		<Language>Gjuhe</Language>
		<Listview_Height>Lartësia e listës</Listview_Height>
		<Listview_Width>Gjerësia e Listvive</Listview_Width>
		<MD>markdown</MD>
		<Master_Table>Tabela Master</Master_Table>
		<Master_Table_Protected>Sqlite_mastertable ose 'Master Table' është një tabelë e mbrojtur. Për të mbrojtur integritetin e db nuk mund ta redaktoni këtë tabelë</Master_Table_Protected>
		<New>I ri</New>
		<New_in_Memory_Db>E re në bazën e të dhënave të kujtesës</New_in_Memory_Db>
		<NoUpdates>Nuk ka përditësime</NoUpdates>
		<No_Updates>Nuk ka përditësime të disponueshme</No_Updates>
		<Not_Supported>Nuk mbështetet</Not_Supported>
		<Open>hapur</Open>
		<Opened>Hapur</Opened>
		<PRGM_Start>Programi filloi</PRGM_Start>
		<PXML>XML</PXML>
		<Plugin>plugin</Plugin>
		<Query>pyetje</Query>
		<Query_Error>Gabim i pyetjeve</Query_Error>
		<Refresh_Schema>Refresh skema</Refresh_Schema>
		<Run_Function>Funksion Run</Run_Function>
		<SCHEMA_PRIVATE>Skema-PRIVATE</SCHEMA_PRIVATE>
		<SQL>SQL</SQL>
		<Save>Save</Save>
		<Save_and_Close>Ruaj dhe mbyll</Save_and_Close>
		<Search>kërkim</Search>
		<Search_Settings>Kërko cilësimet</Search_Settings>
		<Search_in>Kërko në</Search_in>
		<Settings>Cilësimet</Settings>
		<Settings_Editor>Cilësimet e redaktorit</Settings_Editor>
		<Show_Help>Trego Ndihmën</Show_Help>
		<Sort>lloj</Sort>
		<Sort_by>Ndaj sipas</Sort_by>
		<Stack_Trace>Stack Trace</Stack_Trace>
		<Statistics_Page>Statistikat</Statistics_Page>
		<Strict_Search>Kërkim i rreptë</Strict_Search>
		<Success>Sukses</Success>
		<System>sistem</System>
		<Table>tabelë</Table>
		<Toggle_Debug>Toggle debug</Toggle_Debug>
		<Toggle_Transaction_Log>Toggle Log Transaction</Toggle_Transaction_Log>
		<Transaction_DB_Path>Rruga e Transaksionit të të Dhënave</Transaction_DB_Path>
		<UI>UI</UI>
		<User_Requested>Kërkohet përdoruesi</User_Requested>
		<View>Pamje</View>
		<View_Function>Shiko Funksionin</View_Function>
		<Views_Read_Only>Pamjet janë të lexuara dhe nuk mund të redaktohen</Views_Read_Only>
		<WMU>Wiki MarkUp</WMU>
	</Language>
</root>