<?xml version="1.0" encoding="UTF-8" standalone="yes"?>
<root>
	<Language>
		<About>Handla om</About>
		<Access_Denied>Tillträde beviljas ej</Access_Denied>
		<App>Ansökan</App>
		<Application>App</Application>
		<Asc>Stigande</Asc>
		<Auto_Log>Automatisk logg</Auto_Log>
		<Browse>Bläddra</Browse>
		<CMD_Tooltip>Utför anpassade SQL-kommandotillstånd i databasen</CMD_Tooltip>
		<CSV>CSV</CSV>
		<Check_Log>Fel: Var god kontrollera loggen för detaljer</Check_Log>
		<Check_for_Updates>Sök efter uppdateringar</Check_for_Updates>
		<Close_TW>Stäng TW</Close_TW>
		<Close_wo_saving>Stäng utan att spara</Close_wo_saving>
		<Command>Kommando</Command>
		<Converter>Omvandlare</Converter>
		<Create_Statistics_Page>Skapa statistik sida</Create_Statistics_Page>
		<Critical_Fault_Error>Kritiskt felfel</Critical_Fault_Error>
		<Dataview_Error>Databasen eller Dataview finns inte eller har inte laddats än</Dataview_Error>
		<Debug>debug</Debug>
		<Define_New_Table>Definiera nytt bord</Define_New_Table>
		<Deliminator>Deliminator</Deliminator>
		<Desc>Nedåtgående</Desc>
		<Developer>Utvecklare</Developer>
		<Display_Settings>Bildskärmsinställningar</Display_Settings>
		<Download_Update>Hämta uppdatering</Download_Update>
		<Edit>Redigera</Edit>
		<Error>Fel</Error>
		<Error_Generic>Åh inget, något gick fel! :(</Error_Generic>
		<Error_No_DB>Fel: Ingen databas har laddats</Error_No_DB>
		<Export>Exportera</Export>
		<Export_CSV>EXPORT CSV PÅ HÄLSA AV</Export_CSV>
		<Export_HTML_Data>Exportera HTML DATA på uppdrag av</Export_HTML_Data>
		<Export_HTML_Schema>Exportera HTML SCHEMA på uppdrag av</Export_HTML_Schema>
		<Export_SQL_SCHEMA>Exportera SQL - SCHEMA - på uppdrag av</Export_SQL_SCHEMA>
		<Export_SQL_SQL>Exportera SQL - SQL - På uppdrag av</Export_SQL_SQL>
		<Export_UI>Exportera användargränssnitt</Export_UI>
		<Export_XML>EXPORT XML PÅ HÄLSA AV</Export_XML>
		<Extensions>Extensions</Extensions>
		<Failed>misslyckades</Failed>
		<Failed_Load_Online_EULA>Misslyckades med att ladda online EULA</Failed_Load_Online_EULA>
		<Failed_Save_Settings>Misslyckades med att spara inställningar</Failed_Save_Settings>
		<File>Fil</File>
		<Functions>funktioner</Functions>
		<HTML>html</HTML>
		<HTML_to_CSV>HTML till CSV</HTML_to_CSV>
		<Help>Hjälpa</Help>
		<Import>Importera</Import>
		<Import_Completed>Importen är klar</Import_Completed>
		<Import_SQL>Importera SQL</Import_SQL>
		<Importer>Importör</Importer>
		<Index>Index</Index>
		<Invert>Invertera</Invert>
		<JSON>JSON</JSON>
		<LOG_CSV_Path>Logg CSV-sökväg</LOG_CSV_Path>
		<LOG_DB_PATH>Logga databas</LOG_DB_PATH>
		<Language>Språk</Language>
		<Listview_Height>Listvy Höjd</Listview_Height>
		<Listview_Width>Listvy bredd</Listview_Width>
		<MD>Prissänkning</MD>
		<Master_Table>Masterbord</Master_Table>
		<Master_Table_Protected>Sqlite_mastertable eller 'Master Table' är ett skyddat bord. För att skydda integriteten hos db kan du inte redigera den här tabellen</Master_Table_Protected>
		<New>Ny</New>
		<New_in_Memory_Db>Nytt i minnesdatabasen</New_in_Memory_Db>
		<NoUpdates>Inga uppdateringar</NoUpdates>
		<No_Updates>Det finns inga uppdateringar tillgängliga</No_Updates>
		<Not_Supported>Stöds inte</Not_Supported>
		<Open>Öppen</Open>
		<Opened>Öppnad</Opened>
		<PRGM_Start>Program startat</PRGM_Start>
		<PXML>XML</PXML>
		<Plugin>plugin</Plugin>
		<Query>Fråga</Query>
		<Query_Error>Frågefel</Query_Error>
		<Refresh_Schema>Uppdatera schema</Refresh_Schema>
		<Run_Function>Kör Funktion</Run_Function>
		<SCHEMA_PRIVATE>SCHEMA-PRIVATE</SCHEMA_PRIVATE>
		<SQL>SQL</SQL>
		<Save>Spara</Save>
		<Save_and_Close>Spara och stäng</Save_and_Close>
		<Search>Sök</Search>
		<Search_Settings>Sök inställningar</Search_Settings>
		<Search_in>Sök i</Search_in>
		<Settings>inställningar</Settings>
		<Settings_Editor>Inställningsredigerare</Settings_Editor>
		<Show_Help>Visa hjälp</Show_Help>
		<Sort>Sortera</Sort>
		<Sort_by>Sortera efter</Sort_by>
		<Stack_Trace>Stack Trace</Stack_Trace>
		<Statistics_Page>Statistik sida</Statistics_Page>
		<Strict_Search>Strikt sökning</Strict_Search>
		<Success>Framgång</Success>
		<System>Systemet</System>
		<Table>Tabell</Table>
		<Toggle_Debug>Byt felsökning</Toggle_Debug>
		<Toggle_Transaction_Log>Växla Transaktionslogg</Toggle_Transaction_Log>
		<Transaction_DB_Path>Transaktionsdatabasväg</Transaction_DB_Path>
		<UI>UI</UI>
		<User_Requested>Användaren begärde</User_Requested>
		<View>Se</View>
		<View_Function>Visa funktion</View_Function>
		<Views_Read_Only>Visningar är readonly och kan inte redigeras</Views_Read_Only>
		<WMU>Wiki MarkUp</WMU>
	</Language>
</root>