<?xml version="1.0" encoding="UTF-8" standalone="yes"?>
<root>
	<Language>
		<About>เกี่ยวกับ</About>
		<Access_Denied>ปฏิเสธการเข้าใช้</Access_Denied>
		<App>ใบสมัคร</App>
		<Application>App</Application>
		<Asc>จากน้อยไปมาก</Asc>
		<Auto_Log>บันทึกอัตโนมัติ</Auto_Log>
		<Browse>หมวด</Browse>
		<CMD_Tooltip>ดำเนินการคำสั่ง SQL ที่กำหนดเองลงในฐานข้อมูล</CMD_Tooltip>
		<CSV>CSV</CSV>
		<Check_Log>ข้อผิดพลาด: โปรดตรวจสอบบันทึกเพื่อดูรายละเอียด</Check_Log>
		<Check_for_Updates>ตรวจสอบสำหรับการอัพเดต</Check_for_Updates>
		<Close_TW>ปิด TW</Close_TW>
		<Close_wo_saving>ปิดโดยไม่บันทึก</Close_wo_saving>
		<Command>คำสั่ง</Command>
		<Converter>แปลง</Converter>
		<Create_Statistics_Page>สร้างหน้าสถิติ</Create_Statistics_Page>
		<Critical_Fault_Error>ข้อผิดพลาดที่สำคัญผิดพลาด</Critical_Fault_Error>
		<Dataview_Error>ฐานข้อมูลหรือ Dataview ไม่มีหรือยังไม่ได้โหลด</Dataview_Error>
		<Debug>ตรวจแก้จุดบกพร่อง</Debug>
		<Define_New_Table>กำหนดตารางใหม่</Define_New_Table>
		<Deliminator>Deliminator</Deliminator>
		<Desc>จากมากไปน้อย</Desc>
		<Developer>ผู้พัฒนา</Developer>
		<Display_Settings>การตั้งค่าดิสเพลย์</Display_Settings>
		<Download_Update>ดาวน์โหลดการอัปเดต</Download_Update>
		<Edit>แก้ไข</Edit>
		<Error>ความผิดพลาด</Error>
		<Error_Generic>โอ้ไม่มีอะไรผิดพลาด! :(</Error_Generic>
		<Error_No_DB>ข้อผิดพลาด: ไม่ได้โหลดฐานข้อมูล</Error_No_DB>
		<Export>ส่งออก</Export>
		<Export_CSV>ส่งออก CSV ในนามของ</Export_CSV>
		<Export_HTML_Data>ส่งออกข้อมูล HTML ในนามของ</Export_HTML_Data>
		<Export_HTML_Schema>ส่งออก HTML SCHEMA ในนามของ</Export_HTML_Schema>
		<Export_SQL_SCHEMA>ส่งออก SQL - SCHEMA - ในนามของ</Export_SQL_SCHEMA>
		<Export_SQL_SQL>ส่งออก SQL - SQL - ในนามของ</Export_SQL_SQL>
		<Export_UI>ส่งออก UI</Export_UI>
		<Export_XML>ส่งออก XML ในนามของ</Export_XML>
		<Extensions>ส่วนขยาย</Extensions>
		<Failed>ล้มเหลว</Failed>
		<Failed_Load_Online_EULA>ไม่สามารถโหลด EULA ออนไลน์ได้</Failed_Load_Online_EULA>
		<Failed_Save_Settings>ไม่สามารถบันทึกการตั้งค่า</Failed_Save_Settings>
		<File>ไฟล์</File>
		<Functions>ฟังก์ชั่น</Functions>
		<HTML>HTML</HTML>
		<HTML_to_CSV>HTML เป็น CSV</HTML_to_CSV>
		<Help>ช่วยด้วย</Help>
		<Import>นำเข้า</Import>
		<Import_Completed>การนำเข้าเสร็จสมบูรณ์แล้ว</Import_Completed>
		<Import_SQL>นำเข้า SQL</Import_SQL>
		<Importer>ผู้นำเข้า</Importer>
		<Index>ดัชนี</Index>
		<Invert>กลับหัวกลับหาง</Invert>
		<JSON>JSON</JSON>
		<LOG_CSV_Path>เข้าสู่ระบบ CSV Path</LOG_CSV_Path>
		<LOG_DB_PATH>เข้าสู่ระบบ DatabasePath</LOG_DB_PATH>
		<Language>ภาษา</Language>
		<Listview_Height>ความสูงของรายการ</Listview_Height>
		<Listview_Width>Width Width</Listview_Width>
		<MD>markdown</MD>
		<Master_Table>ตารางต้นแบบ</Master_Table>
		<Master_Table_Protected>Sqlite_mastertable หรือ 'Master Table' เป็นตารางที่มีการป้องกัน เพื่อป้องกันความสมบูรณ์ของฐานข้อมูลคุณไม่สามารถแก้ไขตารางนี้ได้</Master_Table_Protected>
		<New>ใหม่</New>
		<New_in_Memory_Db>ใหม่ในฐานข้อมูลหน่วยความจำ</New_in_Memory_Db>
		<NoUpdates>ไม่มีการอัปเดต</NoUpdates>
		<No_Updates>ไม่มีการอัปเดตให้บริการ</No_Updates>
		<Not_Supported>ไม่รองรับ</Not_Supported>
		<Open>เปิด</Open>
		<Opened>เปิด</Opened>
		<PRGM_Start>เริ่มโปรแกรมแล้ว</PRGM_Start>
		<PXML>XML</PXML>
		<Plugin>เสียบเข้าไป</Plugin>
		<Query>สอบถาม</Query>
		<Query_Error>Query Error</Query_Error>
		<Refresh_Schema>รีเฟรช Schema</Refresh_Schema>
		<Run_Function>เรียกใช้ฟังก์ชัน</Run_Function>
		<SCHEMA_PRIVATE>SCHEMA เอกชน</SCHEMA_PRIVATE>
		<SQL>SQL</SQL>
		<Save>บันทึก</Save>
		<Save_and_Close>บันทึกและปิด</Save_and_Close>
		<Search>ค้นหา</Search>
		<Search_Settings>การตั้งค่าการค้นหา</Search_Settings>
		<Search_in>ค้นหาใน</Search_in>
		<Settings>การตั้งค่า</Settings>
		<Settings_Editor>ตัวแก้ไขการตั้งค่า</Settings_Editor>
		<Show_Help>แสดงวิธีใช้</Show_Help>
		<Sort>ประเภท</Sort>
		<Sort_by>เรียงตาม</Sort_by>
		<Stack_Trace>Stack Trace</Stack_Trace>
		<Statistics_Page>หน้าสถิติ</Statistics_Page>
		<Strict_Search>การค้นหาอย่างเข้มงวด</Strict_Search>
		<Success>ความสำเร็จ</Success>
		<System>ระบบ</System>
		<Table>ตาราง</Table>
		<Toggle_Debug>เปิดใช้ Debug Debug</Toggle_Debug>
		<Toggle_Transaction_Log>สลับล็อกธุรกรรม</Toggle_Transaction_Log>
		<Transaction_DB_Path>เส้นทางฐานข้อมูลการทำธุรกรรม</Transaction_DB_Path>
		<UI>UI</UI>
		<User_Requested>ขอผู้ใช้</User_Requested>
		<View>ดู</View>
		<View_Function>ดูฟังก์ชัน</View_Function>
		<Views_Read_Only>มุมมองเป็นแบบอ่านอย่างเดียวและไม่สามารถแก้ไขได้</Views_Read_Only>
		<WMU>Wiki Markup</WMU>
	</Language>
</root>