<?xml version="1.0" encoding="UTF-8" standalone="yes"?>
<root>
	<Language>
		<About>hakkında</About>
		<Access_Denied>Erişim reddedildi</Access_Denied>
		<App>Uygulama</App>
		<Application>Uygulama</Application>
		<Asc>yükselen</Asc>
		<Auto_Log>Otomatik Günlüğü</Auto_Log>
		<Browse>tarayın</Browse>
		<CMD_Tooltip>Özelleştirilmiş SQL komut ifadelerini veritabanında çalıştırır</CMD_Tooltip>
		<CSV>CSV</CSV>
		<Check_Log>Hata: Ayrıntılar için günlüğünü kontrol edin</Check_Log>
		<Check_for_Updates>Güncellemeleri kontrol et</Check_for_Updates>
		<Close_TW>TW'yi kapat</Close_TW>
		<Close_wo_saving>Tasarruf olmadan kapat</Close_wo_saving>
		<Command>komuta</Command>
		<Converter>Dönüştürücü</Converter>
		<Create_Statistics_Page>İstatistik Sayfası Oluştur</Create_Statistics_Page>
		<Critical_Fault_Error>Kritik Hata Hatası</Critical_Fault_Error>
		<Dataview_Error>Veritabanı veya Dataview yok veya henüz yüklenmedi</Dataview_Error>
		<Debug>Hata ayıklama</Debug>
		<Define_New_Table>Yeni Tablosu Tanımla</Define_New_Table>
		<Deliminator>Deliminator</Deliminator>
		<Desc>Azalan</Desc>
		<Developer>Geliştirici</Developer>
		<Display_Settings>Görüntü ayarları</Display_Settings>
		<Download_Update>Güncelleştirmeyi İndir</Download_Update>
		<Edit>Düzenleme</Edit>
		<Error>Hata</Error>
		<Error_Generic>Oh hiçbir şey ters gitti! :(</Error_Generic>
		<Error_No_DB>Hata: Veritabanı yüklenmedi</Error_No_DB>
		<Export>İhracat</Export>
		<Export_CSV>İHRACAT BİRLİĞİ BAŞKANLIĞINA CEVAP</Export_CSV>
		<Export_HTML_Data>Adına HTML Verilerini dışa aktar</Export_HTML_Data>
		<Export_HTML_Schema>Adına HTML SCHEMA verin</Export_HTML_Schema>
		<Export_SQL_SCHEMA>İhracat SQL - SCHEMA - adına</Export_SQL_SCHEMA>
		<Export_SQL_SQL>İhracat SQL - SQL - adına</Export_SQL_SQL>
		<Export_UI>Dışarı Aktar UI</Export_UI>
		<Export_XML>İHRACAT XML'DAN BİR ŞEY</Export_XML>
		<Extensions>Uzantıları</Extensions>
		<Failed>Başarısız oldu</Failed>
		<Failed_Load_Online_EULA>Çevrimiçi EULA yüklenemedi</Failed_Load_Online_EULA>
		<Failed_Save_Settings>Ayarlar Kaydedilemedi</Failed_Save_Settings>
		<File>Dosya</File>
		<Functions>Fonksiyonlar</Functions>
		<HTML>HTML</HTML>
		<HTML_to_CSV>HTML'den CSV'ye</HTML_to_CSV>
		<Help>yardım et</Help>
		<Import>İthalat</Import>
		<Import_Completed>İçe Aktarma Tamamlandı</Import_Completed>
		<Import_SQL>SQL içe aktar</Import_SQL>
		<Importer>İthalatçı</Importer>
		<Index>indeks</Index>
		<Invert>evirmek</Invert>
		<JSON>JSON</JSON>
		<LOG_CSV_Path>Günlük CSV Yolu</LOG_CSV_Path>
		<LOG_DB_PATH>DatabasePath'ı günlüğe yaz</LOG_DB_PATH>
		<Language>Dil</Language>
		<Listview_Height>Liste Görünümü Yüksekliği</Listview_Height>
		<Listview_Width>Liste Genişliği</Listview_Width>
		<MD>Markdown</MD>
		<Master_Table>Ana Tablo</Master_Table>
		<Master_Table_Protected>Sqlite_mastertable veya 'Master Table' korumalı bir tablodur. Db'nin bütünlüğünü korumak için bu tabloyu düzenleyemezsiniz</Master_Table_Protected>
		<New>Yeni</New>
		<New_in_Memory_Db>Bellek Veritabanında Yeni</New_in_Memory_Db>
		<NoUpdates>Güncelleme Yok</NoUpdates>
		<No_Updates>Mevcut güncelleme yok</No_Updates>
		<Not_Supported>Desteklenmiyor</Not_Supported>
		<Open>Açık</Open>
		<Opened>Açıldı</Opened>
		<PRGM_Start>Program Başladı</PRGM_Start>
		<PXML>XML</PXML>
		<Plugin>Fişe takmak</Plugin>
		<Query>Sorgu</Query>
		<Query_Error>Sorgu Hatası</Query_Error>
		<Refresh_Schema>Şemayı Yenile</Refresh_Schema>
		<Run_Function>Çalıştırma İşlevi</Run_Function>
		<SCHEMA_PRIVATE>ŞEMA-ÖZEL</SCHEMA_PRIVATE>
		<SQL>SQL</SQL>
		<Save>Kayıt etmek</Save>
		<Save_and_Close>Kaydet ve kapat</Save_and_Close>
		<Search>Arama</Search>
		<Search_Settings>Arama Ayarları</Search_Settings>
		<Search_in>Araştır</Search_in>
		<Settings>Ayarlar</Settings>
		<Settings_Editor>Ayarlar Düzenleyici</Settings_Editor>
		<Show_Help>Yardımı göster</Show_Help>
		<Sort>Çeşit</Sort>
		<Sort_by>Göre sırala</Sort_by>
		<Stack_Trace>Yığın izleme</Stack_Trace>
		<Statistics_Page>İstatistik Sayfası</Statistics_Page>
		<Strict_Search>Sıkı Arama</Strict_Search>
		<Success>başarı</Success>
		<System>sistem</System>
		<Table>tablo</Table>
		<Toggle_Debug>Hata ayıklamayı aç / kapat</Toggle_Debug>
		<Toggle_Transaction_Log>İşlem Günlüğünü Aç / Kapat</Toggle_Transaction_Log>
		<Transaction_DB_Path>İşlem Veritabanı Yolu</Transaction_DB_Path>
		<UI>UI</UI>
		<User_Requested>İstenen Kullanıcı</User_Requested>
		<View>Görünüm</View>
		<View_Function>İşlevleri Görüntüle</View_Function>
		<Views_Read_Only>Görüntüler salt okunur ve düzenlenemez</Views_Read_Only>
		<WMU>Wiki MarkUp</WMU>
	</Language>
</root>